,season,round,name,element_type,team,pred,pred_norm,yhat,value,transfers_in_nextgw,starting,type,captain,assists,bonus,bps,clean_sheets,creativity,goals_conceded,goals_scored,ict_index,influence,opponent_team,own_goals,penalties_missed,penalties_saved,red_cards,saves,selected,team_a_score,team_h_score,threat,total_points,was_home,yellow_cards,opponent_team_strength,opponent_team_weakness,team_weakness,team_strength,opponent_weakness_nextgw,opponent_strength_nextgw,is_home_nextgw,transfers_in,transfers_out,transfers_out_nextgw,totalpoints_prevgw,bps_prevgw,ict_prevgw,opponent_strength_prevgw,opponent_weakness_prevgw,goals_scored_prevgw,matchday,assists_prevgw,bonus_prevgw,matchday_nextgw,selected_nextgw,opponent_team_away_strength_nextgw,opponent_team_home_strength_nextgw,opponent_team_away_weakness_nextgw,opponent_team_home_weakness_nextgw,opponent_team_away_strength_prevgw,opponent_team_home_strength_prevgw,opponent_team_away_weakness_prevgw,opponent_team_home_weakness_prevgw,team_home_strength,team_home_weakness,team_away_strength,team_away_weakness,opponent_team_home_strength,opponent_team_home_weakness,opponent_team_away_strength,opponent_team_away_weakness,hit,player_id,web_name,first_name,second_name,full_name,team_name,jersey_code,probability,vice_captain,bench_order,results,minutes,total_points_nextgw
0,2020-21,3,Virgil_van Dijk_250,2,11,0.7720073517539431,1.0,1.0,65,0.0,1,model_budget,0.0,0.0,0.0,0.0,0.0,0.0,0.0,0.0,0.0,0.0,0.0,0.0,0.0,0.0,0.0,0.0,0.0,0.0,0.0,0.0,0.0,0,0.0,0.0,0.0,0.0,0.0,0.0,0.0,0.0,0.0,0.0,0.0,0.0,0.0,0.0,0.0,0.0,0.0,0.0,0.0,0.0,0.0,0.0,0.0,0.0,0.0,0.0,0.0,0.0,0.0,0.0,0.0,0.0,0.0,0.0,0.0,0.0,0.0,0.0,0.0,250,van Dijk,Virgil,van Dijk,Virgil van Dijk,Liverpool,liverpool,77.2,0.0,0.0,1,90.0,2.0
1,2020-21,3,Virgil_van Dijk_250,2,11,0.7720073517539431,1.0,1.0,65,0.0,1,transfer_dream,0.0,0.0,0.0,0.0,0.0,0.0,0.0,0.0,0.0,0.0,0.0,0.0,0.0,0.0,0.0,0.0,0.0,0.0,0.0,0.0,0.0,0,0.0,0.0,0.0,0.0,0.0,0.0,0.0,0.0,0.0,0.0,0.0,0.0,0.0,0.0,0.0,0.0,0.0,0.0,0.0,0.0,0.0,0.0,0.0,0.0,0.0,0.0,0.0,0.0,0.0,0.0,0.0,0.0,0.0,0.0,0.0,0.0,0.0,0.0,0.0,250,van Dijk,Virgil,van Dijk,Virgil van Dijk,Liverpool,liverpool,77.2,0.0,0.0,1,90.0,2.0
2,2020-21,3,Virgil_van Dijk_250,2,11,0.7720073517539431,1.0,1.0,65,0.0,1,model_dream,0.0,0.0,0.0,0.0,0.0,0.0,0.0,0.0,0.0,0.0,0.0,0.0,0.0,0.0,0.0,0.0,0.0,0.0,0.0,0.0,0.0,0,0.0,0.0,0.0,0.0,0.0,0.0,0.0,0.0,0.0,0.0,0.0,0.0,0.0,0.0,0.0,0.0,0.0,0.0,0.0,0.0,0.0,0.0,0.0,0.0,0.0,0.0,0.0,0.0,0.0,0.0,0.0,0.0,0.0,0.0,0.0,0.0,0.0,0.0,0.0,250,van Dijk,Virgil,van Dijk,Virgil van Dijk,Liverpool,liverpool,77.2,0.0,0.0,1,90.0,2.0
3,2020-21,3,Pierre-Emerick_Aubameyang_4,3,1,0.7622321844100952,1.0,1.0,120,0.0,1,model_budget,1.0,0.0,0.0,0.0,0.0,0.0,0.0,0.0,0.0,0.0,0.0,0.0,0.0,0.0,0.0,0.0,0.0,0.0,0.0,0.0,0.0,0,0.0,0.0,0.0,0.0,0.0,0.0,0.0,0.0,0.0,0.0,0.0,0.0,0.0,0.0,0.0,0.0,0.0,0.0,0.0,0.0,0.0,0.0,0.0,0.0,0.0,0.0,0.0,0.0,0.0,0.0,0.0,0.0,0.0,0.0,0.0,0.0,0.0,0.0,0.0,4,Aubameyang,Pierre-Emerick,Aubameyang,Pierre-Emerick Aubameyang,Arsenal,arsenal,76.22,0.0,0.0,1,90.0,2.0
4,2020-21,3,Pierre-Emerick_Aubameyang_4,3,1,0.7622321844100952,1.0,1.0,120,0.0,1,transfer_dream,1.0,0.0,0.0,0.0,0.0,0.0,0.0,0.0,0.0,0.0,0.0,0.0,0.0,0.0,0.0,0.0,0.0,0.0,0.0,0.0,0.0,0,0.0,0.0,0.0,0.0,0.0,0.0,0.0,0.0,0.0,0.0,0.0,0.0,0.0,0.0,0.0,0.0,0.0,0.0,0.0,0.0,0.0,0.0,0.0,0.0,0.0,0.0,0.0,0.0,0.0,0.0,0.0,0.0,0.0,0.0,0.0,0.0,0.0,0.0,0.0,4,Aubameyang,Pierre-Emerick,Aubameyang,Pierre-Emerick Aubameyang,Arsenal,arsenal,76.22,0.0,0.0,1,90.0,2.0
5,2020-21,3,Pierre-Emerick_Aubameyang_4,3,1,0.7622321844100952,1.0,1.0,120,0.0,1,model_dream,1.0,0.0,0.0,0.0,0.0,0.0,0.0,0.0,0.0,0.0,0.0,0.0,0.0,0.0,0.0,0.0,0.0,0.0,0.0,0.0,0.0,0,0.0,0.0,0.0,0.0,0.0,0.0,0.0,0.0,0.0,0.0,0.0,0.0,0.0,0.0,0.0,0.0,0.0,0.0,0.0,0.0,0.0,0.0,0.0,0.0,0.0,0.0,0.0,0.0,0.0,0.0,0.0,0.0,0.0,0.0,0.0,0.0,0.0,0.0,0.0,4,Aubameyang,Pierre-Emerick,Aubameyang,Pierre-Emerick Aubameyang,Arsenal,arsenal,76.22,0.0,0.0,1,90.0,2.0
6,2020-21,3,Pierre-Emerick_Aubameyang_4,3,1,0.0,0.0,0.0,120,0.0,1,selection_dream,1.0,1.0,0.0,20.0,0.0,36.4,1.0,0.0,7.9,28.0,19.0,0.0,0.0,0.0,0.0,0.0,3002806.0,1.0,2.0,15.0,5.0,True,0.0,0.0,2.0,0.5,2.5,1.5,3.0,0.0,146991.0,223561.0,0.0,7.0,19.0,10.6,0.0,0.0,1.0,5.0,0.0,0.0,0.0,0.0,1.0,2.0,0.0,1.5,0.0,0.0,0.0,0.0,1.0,0.5,1.5,0.0,0.0,2.0,0.0,0.0,0.0,4,Aubameyang,Pierre-Emerick,Aubameyang,Pierre-Emerick Aubameyang,Arsenal,arsenal,0.0,0.0,0.0,1,90.0,2.0
7,2020-21,3,Heung-Min_Son_390,3,17,0.7578074932098389,0.9941951036453248,1.0,89,0.0,1,transfer_dream,0.0,0.0,0.0,0.0,0.0,0.0,0.0,0.0,0.0,0.0,0.0,0.0,0.0,0.0,0.0,0.0,0.0,0.0,0.0,0.0,0.0,0,0.0,0.0,0.0,0.0,0.0,0.0,0.0,0.0,0.0,0.0,0.0,0.0,0.0,0.0,0.0,0.0,0.0,0.0,0.0,0.0,0.0,0.0,0.0,0.0,0.0,0.0,0.0,0.0,0.0,0.0,0.0,0.0,0.0,0.0,0.0,0.0,0.0,0.0,0.0,390,Son,Heung-Min,Son,Heung-Min Son,Spurs,tottenhamhotspur,75.78,1.0,0.0,1,45.0,1.0
8,2020-21,3,Heung-Min_Son_390,3,17,0.7578074932098389,0.9941951036453248,1.0,89,0.0,1,model_dream,0.0,0.0,0.0,0.0,0.0,0.0,0.0,0.0,0.0,0.0,0.0,0.0,0.0,0.0,0.0,0.0,0.0,0.0,0.0,0.0,0.0,0,0.0,0.0,0.0,0.0,0.0,0.0,0.0,0.0,0.0,0.0,0.0,0.0,0.0,0.0,0.0,0.0,0.0,0.0,0.0,0.0,0.0,0.0,0.0,0.0,0.0,0.0,0.0,0.0,0.0,0.0,0.0,0.0,0.0,0.0,0.0,0.0,0.0,0.0,0.0,390,Son,Heung-Min,Son,Heung-Min Son,Spurs,tottenhamhotspur,75.78,1.0,0.0,1,45.0,1.0
9,2020-21,3,Heung-Min_Son_390,3,17,0.7578074932098389,0.9941951036453248,1.0,89,0.0,1,model_budget,0.0,0.0,0.0,0.0,0.0,0.0,0.0,0.0,0.0,0.0,0.0,0.0,0.0,0.0,0.0,0.0,0.0,0.0,0.0,0.0,0.0,0,0.0,0.0,0.0,0.0,0.0,0.0,0.0,0.0,0.0,0.0,0.0,0.0,0.0,0.0,0.0,0.0,0.0,0.0,0.0,0.0,0.0,0.0,0.0,0.0,0.0,0.0,0.0,0.0,0.0,0.0,0.0,0.0,0.0,0.0,0.0,0.0,0.0,0.0,0.0,390,Son,Heung-Min,Son,Heung-Min Son,Spurs,tottenhamhotspur,75.78,1.0,0.0,1,45.0,1.0
10,2020-21,3,Timo_Werner_117,4,5,0.7555292248725891,0.991206169128418,1.0,95,0.0,1,transfer_dream,0.0,0.0,0.0,0.0,0.0,0.0,0.0,0.0,0.0,0.0,0.0,0.0,0.0,0.0,0.0,0.0,0.0,0.0,0.0,0.0,0.0,0,0.0,0.0,0.0,0.0,0.0,0.0,0.0,0.0,0.0,0.0,0.0,0.0,0.0,0.0,0.0,0.0,0.0,0.0,0.0,0.0,0.0,0.0,0.0,0.0,0.0,0.0,0.0,0.0,0.0,0.0,0.0,0.0,0.0,0.0,0.0,0.0,0.0,0.0,0.0,117,Werner,Timo,Werner,Timo Werner,Chelsea,chelsea,75.55,0.0,0.0,1,90.0,2.0
11,2020-21,3,Timo_Werner_117,4,5,0.7555292248725891,0.991206169128418,1.0,95,0.0,1,model_dream,0.0,0.0,0.0,0.0,0.0,0.0,0.0,0.0,0.0,0.0,0.0,0.0,0.0,0.0,0.0,0.0,0.0,0.0,0.0,0.0,0.0,0,0.0,0.0,0.0,0.0,0.0,0.0,0.0,0.0,0.0,0.0,0.0,0.0,0.0,0.0,0.0,0.0,0.0,0.0,0.0,0.0,0.0,0.0,0.0,0.0,0.0,0.0,0.0,0.0,0.0,0.0,0.0,0.0,0.0,0.0,0.0,0.0,0.0,0.0,0.0,117,Werner,Timo,Werner,Timo Werner,Chelsea,chelsea,75.55,0.0,0.0,1,90.0,2.0
12,2020-21,3,Timo_Werner_117,4,5,0.7555292248725891,0.991206169128418,1.0,95,0.0,1,model_budget,0.0,0.0,0.0,0.0,0.0,0.0,0.0,0.0,0.0,0.0,0.0,0.0,0.0,0.0,0.0,0.0,0.0,0.0,0.0,0.0,0.0,0,0.0,0.0,0.0,0.0,0.0,0.0,0.0,0.0,0.0,0.0,0.0,0.0,0.0,0.0,0.0,0.0,0.0,0.0,0.0,0.0,0.0,0.0,0.0,0.0,0.0,0.0,0.0,0.0,0.0,0.0,0.0,0.0,0.0,0.0,0.0,0.0,0.0,0.0,0.0,117,Werner,Timo,Werner,Timo Werner,Chelsea,chelsea,75.55,0.0,0.0,1,90.0,2.0
13,2020-21,3,Andrew_Robertson_255,2,11,0.7550058545689629,0.9779775449723968,1.0,70,0.0,1,model_budget,0.0,0.0,0.0,0.0,0.0,0.0,0.0,0.0,0.0,0.0,0.0,0.0,0.0,0.0,0.0,0.0,0.0,0.0,0.0,0.0,0.0,0,0.0,0.0,0.0,0.0,0.0,0.0,0.0,0.0,0.0,0.0,0.0,0.0,0.0,0.0,0.0,0.0,0.0,0.0,0.0,0.0,0.0,0.0,0.0,0.0,0.0,0.0,0.0,0.0,0.0,0.0,0.0,0.0,0.0,0.0,0.0,0.0,0.0,0.0,0.0,255,Robertson,Andrew,Robertson,Andrew Robertson,Liverpool,liverpool,75.5,0.0,0.0,1,90.0,10.0
14,2020-21,3,Andrew_Robertson_255,2,11,0.7550058545689629,0.9779775449723968,1.0,70,0.0,1,transfer_dream,0.0,0.0,0.0,0.0,0.0,0.0,0.0,0.0,0.0,0.0,0.0,0.0,0.0,0.0,0.0,0.0,0.0,0.0,0.0,0.0,0.0,0,0.0,0.0,0.0,0.0,0.0,0.0,0.0,0.0,0.0,0.0,0.0,0.0,0.0,0.0,0.0,0.0,0.0,0.0,0.0,0.0,0.0,0.0,0.0,0.0,0.0,0.0,0.0,0.0,0.0,0.0,0.0,0.0,0.0,0.0,0.0,0.0,0.0,0.0,0.0,255,Robertson,Andrew,Robertson,Andrew Robertson,Liverpool,liverpool,75.5,0.0,0.0,1,90.0,10.0
15,2020-21,3,Andrew_Robertson_255,2,11,0.7550058545689629,0.9779775449723968,1.0,70,0.0,1,model_dream,0.0,0.0,0.0,0.0,0.0,0.0,0.0,0.0,0.0,0.0,0.0,0.0,0.0,0.0,0.0,0.0,0.0,0.0,0.0,0.0,0.0,0,0.0,0.0,0.0,0.0,0.0,0.0,0.0,0.0,0.0,0.0,0.0,0.0,0.0,0.0,0.0,0.0,0.0,0.0,0.0,0.0,0.0,0.0,0.0,0.0,0.0,0.0,0.0,0.0,0.0,0.0,0.0,0.0,0.0,0.0,0.0,0.0,0.0,0.0,0.0,255,Robertson,Andrew,Robertson,Andrew Robertson,Liverpool,liverpool,75.5,0.0,0.0,1,90.0,10.0
16,2020-21,3,Mohamed_Salah_254,3,11,0.7527849674224854,0.98760586977005,1.0,120,0.0,1,transfer_dream,0.0,0.0,0.0,0.0,0.0,0.0,0.0,0.0,0.0,0.0,0.0,0.0,0.0,0.0,0.0,0.0,0.0,0.0,0.0,0.0,0.0,0,0.0,0.0,0.0,0.0,0.0,0.0,0.0,0.0,0.0,0.0,0.0,0.0,0.0,0.0,0.0,0.0,0.0,0.0,0.0,0.0,0.0,0.0,0.0,0.0,0.0,0.0,0.0,0.0,0.0,0.0,0.0,0.0,0.0,0.0,0.0,0.0,0.0,0.0,0.0,254,Salah,Mohamed,Salah,Mohamed Salah,Liverpool,liverpool,75.28,0.0,0.0,1,90.0,5.0
17,2020-21,3,Mohamed_Salah_254,3,11,0.7527849674224854,0.98760586977005,1.0,120,0.0,1,model_dream,0.0,0.0,0.0,0.0,0.0,0.0,0.0,0.0,0.0,0.0,0.0,0.0,0.0,0.0,0.0,0.0,0.0,0.0,0.0,0.0,0.0,0,0.0,0.0,0.0,0.0,0.0,0.0,0.0,0.0,0.0,0.0,0.0,0.0,0.0,0.0,0.0,0.0,0.0,0.0,0.0,0.0,0.0,0.0,0.0,0.0,0.0,0.0,0.0,0.0,0.0,0.0,0.0,0.0,0.0,0.0,0.0,0.0,0.0,0.0,0.0,254,Salah,Mohamed,Salah,Mohamed Salah,Liverpool,liverpool,75.28,0.0,0.0,1,90.0,5.0
18,2020-21,3,Michael_Keane_156,2,7,0.7507665293897131,0.9724862434069153,1.0,50,0.0,1,transfer_dream,0.0,0.0,0.0,0.0,0.0,0.0,0.0,0.0,0.0,0.0,0.0,0.0,0.0,0.0,0.0,0.0,0.0,0.0,0.0,0.0,0.0,0,0.0,0.0,0.0,0.0,0.0,0.0,0.0,0.0,0.0,0.0,0.0,0.0,0.0,0.0,0.0,0.0,0.0,0.0,0.0,0.0,0.0,0.0,0.0,0.0,0.0,0.0,0.0,0.0,0.0,0.0,0.0,0.0,0.0,0.0,0.0,0.0,0.0,0.0,0.0,156,Keane,Michael,Keane,Michael Keane,Everton,everton,75.08,0.0,0.0,1,90.0,2.0
19,2020-21,3,Michael_Keane_156,2,7,0.7507665293897131,0.9724862434069153,1.0,50,0.0,1,model_budget,0.0,0.0,0.0,0.0,0.0,0.0,0.0,0.0,0.0,0.0,0.0,0.0,0.0,0.0,0.0,0.0,0.0,0.0,0.0,0.0,0.0,0,0.0,0.0,0.0,0.0,0.0,0.0,0.0,0.0,0.0,0.0,0.0,0.0,0.0,0.0,0.0,0.0,0.0,0.0,0.0,0.0,0.0,0.0,0.0,0.0,0.0,0.0,0.0,0.0,0.0,0.0,0.0,0.0,0.0,0.0,0.0,0.0,0.0,0.0,0.0,156,Keane,Michael,Keane,Michael Keane,Everton,everton,75.08,0.0,0.0,1,90.0,2.0
20,2020-21,3,Michael_Keane_156,2,7,0.7507665293897131,0.9724862434069153,1.0,50,0.0,1,model_dream,0.0,0.0,0.0,0.0,0.0,0.0,0.0,0.0,0.0,0.0,0.0,0.0,0.0,0.0,0.0,0.0,0.0,0.0,0.0,0.0,0.0,0,0.0,0.0,0.0,0.0,0.0,0.0,0.0,0.0,0.0,0.0,0.0,0.0,0.0,0.0,0.0,0.0,0.0,0.0,0.0,0.0,0.0,0.0,0.0,0.0,0.0,0.0,0.0,0.0,0.0,0.0,0.0,0.0,0.0,0.0,0.0,0.0,0.0,0.0,0.0,156,Keane,Michael,Keane,Michael Keane,Everton,everton,75.08,0.0,0.0,1,90.0,2.0
21,2020-21,3,Harry_Kane_388,4,17,0.7504719495773315,0.98457133769989,1.0,105,0.0,1,model_dream,0.0,0.0,0.0,0.0,0.0,0.0,0.0,0.0,0.0,0.0,0.0,0.0,0.0,0.0,0.0,0.0,0.0,0.0,0.0,0.0,0.0,0,0.0,0.0,0.0,0.0,0.0,0.0,0.0,0.0,0.0,0.0,0.0,0.0,0.0,0.0,0.0,0.0,0.0,0.0,0.0,0.0,0.0,0.0,0.0,0.0,0.0,0.0,0.0,0.0,0.0,0.0,0.0,0.0,0.0,0.0,0.0,0.0,0.0,0.0,0.0,388,Kane,Harry,Kane,Harry Kane,Spurs,tottenhamhotspur,75.05,0.0,0.0,1,90.0,5.0
22,2020-21,3,Harry_Kane_388,4,17,0.7504719495773315,0.98457133769989,1.0,105,0.0,1,model_budget,0.0,0.0,0.0,0.0,0.0,0.0,0.0,0.0,0.0,0.0,0.0,0.0,0.0,0.0,0.0,0.0,0.0,0.0,0.0,0.0,0.0,0,0.0,0.0,0.0,0.0,0.0,0.0,0.0,0.0,0.0,0.0,0.0,0.0,0.0,0.0,0.0,0.0,0.0,0.0,0.0,0.0,0.0,0.0,0.0,0.0,0.0,0.0,0.0,0.0,0.0,0.0,0.0,0.0,0.0,0.0,0.0,0.0,0.0,0.0,0.0,388,Kane,Harry,Kane,Harry Kane,Spurs,tottenhamhotspur,75.05,0.0,0.0,1,90.0,5.0
23,2020-21,3,Harry_Kane_388,4,17,0.7504719495773315,0.98457133769989,1.0,105,0.0,1,transfer_dream,0.0,0.0,0.0,0.0,0.0,0.0,0.0,0.0,0.0,0.0,0.0,0.0,0.0,0.0,0.0,0.0,0.0,0.0,0.0,0.0,0.0,0,0.0,0.0,0.0,0.0,0.0,0.0,0.0,0.0,0.0,0.0,0.0,0.0,0.0,0.0,0.0,0.0,0.0,0.0,0.0,0.0,0.0,0.0,0.0,0.0,0.0,0.0,0.0,0.0,0.0,0.0,0.0,0.0,0.0,0.0,0.0,0.0,0.0,0.0,0.0,388,Kane,Harry,Kane,Harry Kane,Spurs,tottenhamhotspur,75.05,0.0,0.0,1,90.0,5.0
24,2020-21,3,Joe_Bryan_182,2,8,0.7477885333067651,0.9686287722621364,1.0,50,0.0,0,transfer_dream,0.0,0.0,0.0,0.0,0.0,0.0,0.0,0.0,0.0,0.0,0.0,0.0,0.0,0.0,0.0,0.0,0.0,0.0,0.0,0.0,0.0,0,0.0,0.0,0.0,0.0,0.0,0.0,0.0,0.0,0.0,0.0,0.0,0.0,0.0,0.0,0.0,0.0,0.0,0.0,0.0,0.0,0.0,0.0,0.0,0.0,0.0,0.0,0.0,0.0,0.0,0.0,0.0,0.0,0.0,0.0,0.0,0.0,0.0,0.0,0.0,182,Bryan,Joe,Bryan,Joe Bryan,Fulham,fulham,74.78,0.0,1.0,1,90.0,0.0
25,2020-21,3,Joe_Bryan_182,2,8,0.7477885333067651,0.9686287722621364,1.0,50,0.0,1,model_dream,0.0,0.0,0.0,0.0,0.0,0.0,0.0,0.0,0.0,0.0,0.0,0.0,0.0,0.0,0.0,0.0,0.0,0.0,0.0,0.0,0.0,0,0.0,0.0,0.0,0.0,0.0,0.0,0.0,0.0,0.0,0.0,0.0,0.0,0.0,0.0,0.0,0.0,0.0,0.0,0.0,0.0,0.0,0.0,0.0,0.0,0.0,0.0,0.0,0.0,0.0,0.0,0.0,0.0,0.0,0.0,0.0,0.0,0.0,0.0,0.0,182,Bryan,Joe,Bryan,Joe Bryan,Fulham,fulham,74.78,0.0,0.0,1,90.0,0.0
26,2020-21,3,Joe_Bryan_182,2,8,0.7477885333067651,0.9686287722621364,1.0,50,0.0,1,model_budget,0.0,0.0,0.0,0.0,0.0,0.0,0.0,0.0,0.0,0.0,0.0,0.0,0.0,0.0,0.0,0.0,0.0,0.0,0.0,0.0,0.0,0,0.0,0.0,0.0,0.0,0.0,0.0,0.0,0.0,0.0,0.0,0.0,0.0,0.0,0.0,0.0,0.0,0.0,0.0,0.0,0.0,0.0,0.0,0.0,0.0,0.0,0.0,0.0,0.0,0.0,0.0,0.0,0.0,0.0,0.0,0.0,0.0,0.0,0.0,0.0,182,Bryan,Joe,Bryan,Joe Bryan,Fulham,fulham,74.78,0.0,0.0,1,90.0,0.0
27,2020-21,3,Seamus_Coleman_152,2,7,0.7474365746069462,0.9681728715520987,1.0,50,0.0,0,model_dream,0.0,0.0,0.0,0.0,0.0,0.0,0.0,0.0,0.0,0.0,0.0,0.0,0.0,0.0,0.0,0.0,0.0,0.0,0.0,0.0,0.0,0,0.0,0.0,0.0,0.0,0.0,0.0,0.0,0.0,0.0,0.0,0.0,0.0,0.0,0.0,0.0,0.0,0.0,0.0,0.0,0.0,0.0,0.0,0.0,0.0,0.0,0.0,0.0,0.0,0.0,0.0,0.0,0.0,0.0,0.0,0.0,0.0,0.0,0.0,0.0,152,Coleman,Seamus,Coleman,Seamus Coleman,Everton,everton,74.74,0.0,1.0,1,90.0,6.0
28,2020-21,3,Seamus_Coleman_152,2,7,0.7474365746069462,0.9681728715520987,1.0,50,0.0,0,transfer_dream,0.0,0.0,0.0,0.0,0.0,0.0,0.0,0.0,0.0,0.0,0.0,0.0,0.0,0.0,0.0,0.0,0.0,0.0,0.0,0.0,0.0,0,0.0,0.0,0.0,0.0,0.0,0.0,0.0,0.0,0.0,0.0,0.0,0.0,0.0,0.0,0.0,0.0,0.0,0.0,0.0,0.0,0.0,0.0,0.0,0.0,0.0,0.0,0.0,0.0,0.0,0.0,0.0,0.0,0.0,0.0,0.0,0.0,0.0,0.0,0.0,152,Coleman,Seamus,Coleman,Seamus Coleman,Everton,everton,74.74,0.0,2.0,1,90.0,6.0
29,2020-21,3,Seamus_Coleman_152,2,7,0.7474365746069462,0.9681728715520987,1.0,50,0.0,0,model_budget,0.0,0.0,0.0,0.0,0.0,0.0,0.0,0.0,0.0,0.0,0.0,0.0,0.0,0.0,0.0,0.0,0.0,0.0,0.0,0.0,0.0,0,0.0,0.0,0.0,0.0,0.0,0.0,0.0,0.0,0.0,0.0,0.0,0.0,0.0,0.0,0.0,0.0,0.0,0.0,0.0,0.0,0.0,0.0,0.0,0.0,0.0,0.0,0.0,0.0,0.0,0.0,0.0,0.0,0.0,0.0,0.0,0.0,0.0,0.0,0.0,152,Coleman,Seamus,Coleman,Seamus Coleman,Everton,everton,74.74,0.0,1.0,1,90.0,6.0
30,2020-21,3,Sadio_ManÃ©_251,3,11,0.6872628927230835,0.9016450643539428,1.0,119,0.0,0,model_dream,0.0,0.0,0.0,0.0,0.0,0.0,0.0,0.0,0.0,0.0,0.0,0.0,0.0,0.0,0.0,0.0,0.0,0.0,0.0,0.0,0.0,0,0.0,0.0,0.0,0.0,0.0,0.0,0.0,0.0,0.0,0.0,0.0,0.0,0.0,0.0,0.0,0.0,0.0,0.0,0.0,0.0,0.0,0.0,0.0,0.0,0.0,0.0,0.0,0.0,0.0,0.0,0.0,0.0,0.0,0.0,0.0,0.0,0.0,0.0,0.0,251,Mané,Sadio,Mané,Sadio Mané,Liverpool,liverpool,68.73,0.0,2.0,1,79.0,7.0
31,2020-21,3,Sadio_ManÃ©_251,3,11,0.6872628927230835,0.9016450643539428,1.0,119,0.0,1,transfer_dream,0.0,0.0,0.0,0.0,0.0,0.0,0.0,0.0,0.0,0.0,0.0,0.0,0.0,0.0,0.0,0.0,0.0,0.0,0.0,0.0,0.0,0,0.0,0.0,0.0,0.0,0.0,0.0,0.0,0.0,0.0,0.0,0.0,0.0,0.0,0.0,0.0,0.0,0.0,0.0,0.0,0.0,0.0,0.0,0.0,0.0,0.0,0.0,0.0,0.0,0.0,0.0,0.0,0.0,0.0,0.0,0.0,0.0,0.0,0.0,0.0,251,Mané,Sadio,Mané,Sadio Mané,Liverpool,liverpool,68.73,0.0,0.0,1,79.0,7.0
32,2020-21,3,Mathew_Ryan_70,1,3,0.6784546545831954,0.8788189037860806,1.0,45,0.0,1,transfer_dream,0.0,0.0,0.0,0.0,0.0,0.0,0.0,0.0,0.0,0.0,0.0,0.0,0.0,0.0,0.0,0.0,0.0,0.0,0.0,0.0,0.0,0,0.0,0.0,0.0,0.0,0.0,0.0,0.0,0.0,0.0,0.0,0.0,0.0,0.0,0.0,0.0,0.0,0.0,0.0,0.0,0.0,0.0,0.0,0.0,0.0,0.0,0.0,0.0,0.0,0.0,0.0,0.0,0.0,0.0,0.0,0.0,0.0,0.0,0.0,0.0,70,Ryan,Mathew,Ryan,Mathew Ryan,Brighton,brighton&hovealbion,67.85,0.0,0.0,1,90.0,1.0
33,2020-21,3,Mathew_Ryan_70,1,3,0.6784546545831954,0.8788189037860806,1.0,45,0.0,1,model_budget,0.0,0.0,0.0,0.0,0.0,0.0,0.0,0.0,0.0,0.0,0.0,0.0,0.0,0.0,0.0,0.0,0.0,0.0,0.0,0.0,0.0,0,0.0,0.0,0.0,0.0,0.0,0.0,0.0,0.0,0.0,0.0,0.0,0.0,0.0,0.0,0.0,0.0,0.0,0.0,0.0,0.0,0.0,0.0,0.0,0.0,0.0,0.0,0.0,0.0,0.0,0.0,0.0,0.0,0.0,0.0,0.0,0.0,0.0,0.0,0.0,70,Ryan,Mathew,Ryan,Mathew Ryan,Brighton,brighton&hovealbion,67.85,0.0,0.0,1,90.0,1.0
34,2020-21,3,Mathew_Ryan_70,1,3,0.6784546545831954,0.8788189037860806,1.0,45,0.0,1,model_dream,0.0,0.0,0.0,0.0,0.0,0.0,0.0,0.0,0.0,0.0,0.0,0.0,0.0,0.0,0.0,0.0,0.0,0.0,0.0,0.0,0.0,0,0.0,0.0,0.0,0.0,0.0,0.0,0.0,0.0,0.0,0.0,0.0,0.0,0.0,0.0,0.0,0.0,0.0,0.0,0.0,0.0,0.0,0.0,0.0,0.0,0.0,0.0,0.0,0.0,0.0,0.0,0.0,0.0,0.0,0.0,0.0,0.0,0.0,0.0,0.0,70,Ryan,Mathew,Ryan,Mathew Ryan,Brighton,brighton&hovealbion,67.85,0.0,0.0,1,90.0,1.0
35,2020-21,3,Mathew_Ryan_70,1,3,0.0,0.0,0.0,45,0.0,0,selection_dream,0.0,0.0,0.0,22.0,1.0,0.0,0.0,0.0,0.4,4.2,14.0,0.0,0.0,0.0,0.0,0.0,1159789.0,3.0,0.0,0.0,6.0,False,0.0,2.0,0.0,1.5,2.0,3.0,1.0,1.0,61649.0,83065.0,0.0,1.0,12.0,1.2,0.0,0.0,0.0,6.0,0.0,0.0,5.0,0.0,0.0,1.0,0.0,3.0,0.0,0.0,0.0,0.0,0.5,1.5,1.5,0.0,0.0,0.0,2.0,0.0,0.0,70,Ryan,Mathew,Ryan,Mathew Ryan,Brighton,brighton&hovealbion,0.0,0.0,0.0,1,90.0,1.0
36,2020-21,3,Kai_Havertz_500,3,5,0.6736283302307129,0.8837574124336243,1.0,85,0.0,1,transfer_dream,0.0,0.0,0.0,0.0,0.0,0.0,0.0,0.0,0.0,0.0,0.0,0.0,0.0,0.0,0.0,0.0,0.0,0.0,0.0,0.0,0.0,0,0.0,0.0,0.0,0.0,0.0,0.0,0.0,0.0,0.0,0.0,0.0,0.0,0.0,0.0,0.0,0.0,0.0,0.0,0.0,0.0,0.0,0.0,0.0,0.0,0.0,0.0,0.0,0.0,0.0,0.0,0.0,0.0,0.0,0.0,0.0,0.0,0.0,0.0,0.0,500,Havertz,Kai,Havertz,Kai Havertz,Chelsea,chelsea,67.36,0.0,0.0,1,90.0,5.0
37,2020-21,3,Kai_Havertz_500,3,5,0.6736283302307129,0.8837574124336243,1.0,85,0.0,0,model_dream,0.0,0.0,0.0,0.0,0.0,0.0,0.0,0.0,0.0,0.0,0.0,0.0,0.0,0.0,0.0,0.0,0.0,0.0,0.0,0.0,0.0,0,0.0,0.0,0.0,0.0,0.0,0.0,0.0,0.0,0.0,0.0,0.0,0.0,0.0,0.0,0.0,0.0,0.0,0.0,0.0,0.0,0.0,0.0,0.0,0.0,0.0,0.0,0.0,0.0,0.0,0.0,0.0,0.0,0.0,0.0,0.0,0.0,0.0,0.0,0.0,500,Havertz,Kai,Havertz,Kai Havertz,Chelsea,chelsea,67.36,0.0,3.0,1,90.0,5.0
38,2020-21,3,Jamie_Vardy_224,4,9,0.6595243215560913,0.8652538657188416,1.0,101,0.0,1,model_dream,0.0,0.0,0.0,0.0,0.0,0.0,0.0,0.0,0.0,0.0,0.0,0.0,0.0,0.0,0.0,0.0,0.0,0.0,0.0,0.0,0.0,0,0.0,0.0,0.0,0.0,0.0,0.0,0.0,0.0,0.0,0.0,0.0,0.0,0.0,0.0,0.0,0.0,0.0,0.0,0.0,0.0,0.0,0.0,0.0,0.0,0.0,0.0,0.0,0.0,0.0,0.0,0.0,0.0,0.0,0.0,0.0,0.0,0.0,0.0,0.0,224,Vardy,Jamie,Vardy,Jamie Vardy,Leicester,leicestercity,65.95,0.0,0.0,1,84.0,17.0
39,2020-21,3,Jamie_Vardy_224,4,9,0.6595243215560913,0.8652538657188416,1.0,101,0.0,0,transfer_dream,0.0,0.0,0.0,0.0,0.0,0.0,0.0,0.0,0.0,0.0,0.0,0.0,0.0,0.0,0.0,0.0,0.0,0.0,0.0,0.0,0.0,0,0.0,0.0,0.0,0.0,0.0,0.0,0.0,0.0,0.0,0.0,0.0,0.0,0.0,0.0,0.0,0.0,0.0,0.0,0.0,0.0,0.0,0.0,0.0,0.0,0.0,0.0,0.0,0.0,0.0,0.0,0.0,0.0,0.0,0.0,0.0,0.0,0.0,0.0,0.0,224,Vardy,Jamie,Vardy,Jamie Vardy,Leicester,leicestercity,65.95,0.0,3.0,1,84.0,17.0
40,2020-21,3,Michail_Antonio_437,4,19,0.6492923498153687,0.8518301248550415,1.0,64,0.0,1,model_budget,0.0,0.0,0.0,0.0,0.0,0.0,0.0,0.0,0.0,0.0,0.0,0.0,0.0,0.0,0.0,0.0,0.0,0.0,0.0,0.0,0.0,0,0.0,0.0,0.0,0.0,0.0,0.0,0.0,0.0,0.0,0.0,0.0,0.0,0.0,0.0,0.0,0.0,0.0,0.0,0.0,0.0,0.0,0.0,0.0,0.0,0.0,0.0,0.0,0.0,0.0,0.0,0.0,0.0,0.0,0.0,0.0,0.0,0.0,0.0,0.0,437,Antonio,Michail,Antonio,Michail Antonio,West Ham,westhamunited,64.93,0.0,0.0,1,87.0,2.0
41,2020-21,3,Yves_Bissouma_76,3,3,0.6332019567489624,0.8307205438613892,0.0,45,0.0,0,model_budget,0.0,0.0,0.0,0.0,0.0,0.0,0.0,0.0,0.0,0.0,0.0,0.0,0.0,0.0,0.0,0.0,0.0,0.0,0.0,0.0,0.0,0,0.0,0.0,0.0,0.0,0.0,0.0,0.0,0.0,0.0,0.0,0.0,0.0,0.0,0.0,0.0,0.0,0.0,0.0,0.0,0.0,0.0,0.0,0.0,0.0,0.0,0.0,0.0,0.0,0.0,0.0,0.0,0.0,0.0,0.0,0.0,0.0,0.0,0.0,0.0,76,Bissouma,Yves,Bissouma,Yves Bissouma,Brighton,brighton&hovealbion,63.32,0.0,2.0,1,0.0,0.0
42,2020-21,3,Alisson_Ramses Becker_252,1,11,0.6317758862469082,0.8183547537618141,1.0,60,0.0,0,model_dream,0.0,0.0,0.0,0.0,0.0,0.0,0.0,0.0,0.0,0.0,0.0,0.0,0.0,0.0,0.0,0.0,0.0,0.0,0.0,0.0,0.0,0,0.0,0.0,0.0,0.0,0.0,0.0,0.0,0.0,0.0,0.0,0.0,0.0,0.0,0.0,0.0,0.0,0.0,0.0,0.0,0.0,0.0,0.0,0.0,0.0,0.0,0.0,0.0,0.0,0.0,0.0,0.0,0.0,0.0,0.0,0.0,0.0,0.0,0.0,0.0,252,Alisson,Alisson,Ramses Becker,Alisson Ramses Becker,Liverpool,liverpool,63.18,0.0,0.0,1,90.0,2.0
43,2020-21,3,Alisson_Ramses Becker_252,1,11,0.6317758862469082,0.8183547537618141,1.0,60,0.0,0,transfer_dream,0.0,0.0,0.0,0.0,0.0,0.0,0.0,0.0,0.0,0.0,0.0,0.0,0.0,0.0,0.0,0.0,0.0,0.0,0.0,0.0,0.0,0,0.0,0.0,0.0,0.0,0.0,0.0,0.0,0.0,0.0,0.0,0.0,0.0,0.0,0.0,0.0,0.0,0.0,0.0,0.0,0.0,0.0,0.0,0.0,0.0,0.0,0.0,0.0,0.0,0.0,0.0,0.0,0.0,0.0,0.0,0.0,0.0,0.0,0.0,0.0,252,Alisson,Alisson,Ramses Becker,Alisson Ramses Becker,Liverpool,liverpool,63.18,0.0,0.0,1,90.0,2.0
44,2020-21,3,Bukayo_Saka_24,3,1,0.4663650393486023,0.6118412017822266,-1.0,54,0.0,1,model_budget,0.0,0.0,0.0,0.0,0.0,0.0,0.0,0.0,0.0,0.0,0.0,0.0,0.0,0.0,0.0,0.0,0.0,0.0,0.0,0.0,0.0,0,0.0,0.0,0.0,0.0,0.0,0.0,0.0,0.0,0.0,0.0,0.0,0.0,0.0,0.0,0.0,0.0,0.0,0.0,0.0,0.0,0.0,0.0,0.0,0.0,0.0,0.0,0.0,0.0,0.0,0.0,0.0,0.0,0.0,0.0,0.0,0.0,0.0,0.0,0.0,24,Saka,Bukayo,Saka,Bukayo Saka,Arsenal,arsenal,46.64,0.0,0.0,1,0.0,0.0
45,2020-21,3,AndrÃ©-Frank_Zambo Anguissa_191,3,8,0.4520816504955292,0.5931022763252258,-1.0,45,0.0,0,model_budget,0.0,0.0,0.0,0.0,0.0,0.0,0.0,0.0,0.0,0.0,0.0,0.0,0.0,0.0,0.0,0.0,0.0,0.0,0.0,0.0,0.0,0,0.0,0.0,0.0,0.0,0.0,0.0,0.0,0.0,0.0,0.0,0.0,0.0,0.0,0.0,0.0,0.0,0.0,0.0,0.0,0.0,0.0,0.0,0.0,0.0,0.0,0.0,0.0,0.0,0.0,0.0,0.0,0.0,0.0,0.0,0.0,0.0,0.0,0.0,0.0,191,Anguissa,André-Frank,Zambo Anguissa,André-Frank Zambo Anguissa,Fulham,fulham,45.21,0.0,3.0,1,90.0,2.0
46,2020-21,3,Sam_Johnstone_417,1,18,0.23040648537631345,0.29845115445189363,0.0,45,0.0,47,model_budget,0.0,0.0,0.0,0.0,0.0,0.0,0.0,0.0,0.0,0.0,0.0,0.0,0.0,0.0,0.0,0.0,0.0,0.0,0.0,0.0,0.0,0,0.0,0.0,0.0,0.0,0.0,0.0,0.0,0.0,0.0,0.0,0.0,0.0,0.0,0.0,0.0,0.0,0.0,0.0,0.0,0.0,0.0,0.0,0.0,0.0,0.0,0.0,0.0,0.0,0.0,0.0,0.0,0.0,0.0,0.0,0.0,0.0,0.0,0.0,0.0,417,Johnstone,Sam,Johnstone,Sam Johnstone,West Brom,westbrom,23.04,0.0,0.0,1,90.0,3.0
47,2020-21,3,Bernd_Leno_8,1,1,0.0,0.0,0.0,50,0.0,1,selection_dream,0.0,0.0,0.0,18.0,0.0,0.0,1.0,0.0,1.8,18.0,19.0,0.0,0.0,0.0,0.0,2.0,614046.0,1.0,2.0,0.0,2.0,True,0.0,0.0,2.0,0.5,2.5,1.5,3.0,0.0,112820.0,41552.0,0.0,7.0,29.0,1.4,0.0,0.0,0.0,5.0,0.0,1.0,0.0,0.0,1.0,2.0,0.0,1.5,0.0,0.0,0.0,0.0,1.0,0.5,1.5,0.0,0.0,2.0,0.0,0.0,0.0,8,Leno,Bernd,Leno,Bernd Leno,Arsenal,arsenal,0.0,0.0,0.0,1,90.0,3.0
48,2020-21,3,HÃ©ctor_BellerÃ­n_11,2,1,0.0,0.0,0.0,50,0.0,1,selection_dream,0.0,0.0,0.0,10.0,0.0,6.9,1.0,0.0,1.7,7.6,19.0,0.0,0.0,0.0,0.0,0.0,326713.0,1.0,2.0,2.0,2.0,True,0.0,0.0,2.0,0.5,2.5,1.5,3.0,0.0,54450.0,31413.0,0.0,5.0,23.0,4.0,0.0,0.0,0.0,5.0,0.0,0.0,0.0,0.0,1.0,2.0,0.0,1.5,0.0,0.0,0.0,0.0,1.0,0.5,1.5,0.0,0.0,2.0,0.0,0.0,0.0,11,Bellerín,Héctor,Bellerín,Héctor Bellerín,Arsenal,arsenal,0.0,0.0,0.0,1,90.0,0.0
49,2020-21,3,Rob_Holding_16,2,1,0.0,0.0,0.0,45,0.0,1,selection_dream,0.0,0.0,0.0,16.0,0.0,0.3,1.0,0.0,1.4,13.6,19.0,0.0,0.0,0.0,0.0,0.0,148466.0,1.0,2.0,0.0,2.0,True,0.0,0.0,2.0,0.5,2.5,1.5,3.0,0.0,72351.0,25976.0,0.0,6.0,28.0,2.2,0.0,0.0,0.0,5.0,0.0,0.0,0.0,0.0,1.0,2.0,0.0,1.5,0.0,0.0,0.0,0.0,1.0,0.5,1.5,0.0,0.0,2.0,0.0,0.0,0.0,16,Holding,Rob,Holding,Rob Holding,Arsenal,arsenal,0.0,0.0,0.0,1,90.0,1.0
50,2020-21,3,Gabriel_MagalhÃ£es_494,2,1,0.0,0.0,0.0,50,0.0,1,selection_dream,0.0,0.0,0.0,15.0,0.0,0.7,1.0,0.0,3.5,32.6,19.0,0.0,0.0,0.0,0.0,0.0,705990.0,1.0,2.0,2.0,2.0,True,0.0,0.0,2.0,0.5,2.5,1.5,3.0,0.0,412630.0,49391.0,0.0,15.0,37.0,8.5,0.0,0.0,1.0,5.0,0.0,3.0,0.0,0.0,1.0,2.0,0.0,1.5,0.0,0.0,0.0,0.0,1.0,0.5,1.5,0.0,0.0,2.0,0.0,0.0,0.0,494,Gabriel,Gabriel,Magalhães,Gabriel Magalhães,Arsenal,arsenal,0.0,0.0,0.0,1,0.0,0.0
51,2020-21,3,Granit_Xhaka_9,3,1,0.0,0.0,0.0,55,0.0,1,selection_dream,0.0,0.0,0.0,10.0,0.0,6.7,1.0,0.0,2.3,16.4,19.0,0.0,0.0,0.0,0.0,0.0,58116.0,1.0,2.0,0.0,2.0,True,0.0,0.0,2.0,0.5,2.5,1.5,3.0,0.0,9879.0,9209.0,0.0,3.0,11.0,4.5,0.0,0.0,0.0,5.0,0.0,0.0,0.0,0.0,1.0,2.0,0.0,1.5,0.0,0.0,0.0,0.0,1.0,0.5,1.5,0.0,0.0,2.0,0.0,0.0,0.0,9,Xhaka,Granit,Xhaka,Granit Xhaka,Arsenal,arsenal,0.0,1.0,0.0,1,59.0,1.0
52,2020-21,3,Nicolas_PÃ©pÃ©_18,3,1,0.0,0.0,0.0,79,0.0,1,selection_dream,0.0,0.0,0.0,3.0,0.0,2.3,0.0,0.0,1.1,1.0,19.0,0.0,0.0,0.0,0.0,0.0,95969.0,1.0,2.0,8.0,1.0,True,0.0,0.0,2.0,0.5,2.5,1.5,3.0,0.0,2864.0,49831.0,0.0,1.0,3.0,2.3,0.0,0.0,0.0,5.0,0.0,0.0,0.0,0.0,1.0,2.0,0.0,1.5,0.0,0.0,0.0,0.0,1.0,0.5,1.5,0.0,0.0,2.0,0.0,0.0,0.0,18,Pépé,Nicolas,Pépé,Nicolas Pépé,Arsenal,arsenal,0.0,0.0,0.0,1,22.0,1.0
53,2020-21,3,Willian_Borges Da Silva_478,3,1,0.0,0.0,0.0,81,0.0,1,selection_dream,0.0,0.0,0.0,11.0,0.0,20.9,1.0,0.0,3.1,6.4,19.0,0.0,0.0,0.0,0.0,0.0,1119588.0,1.0,2.0,4.0,2.0,True,0.0,0.0,2.0,0.5,2.5,1.5,3.0,0.0,474433.0,67202.0,0.0,14.0,35.0,11.5,0.0,0.0,0.0,5.0,3.0,2.0,0.0,0.0,1.0,2.0,0.0,1.5,0.0,0.0,0.0,0.0,1.0,0.5,1.5,0.0,0.0,2.0,0.0,0.0,0.0,478,Willian,Willian,Borges Da Silva,Willian Borges Da Silva,Arsenal,arsenal,0.0,0.0,0.0,1,67.0,2.0
54,2020-21,3,Daniel_Ceballos FernÃ¡ndez_501,3,1,0.0,0.0,0.0,50,0.0,1,selection_dream,0.0,1.0,3.0,31.0,0.0,23.9,1.0,0.0,9.6,52.4,19.0,0.0,0.0,0.0,0.0,0.0,112604.0,1.0,2.0,20.0,8.0,True,0.0,0.0,2.0,0.5,2.5,1.5,3.0,0.0,12146.0,27214.0,0.0,1.0,6.0,1.1,0.0,0.0,0.0,5.0,0.0,0.0,0.0,0.0,1.0,2.0,0.0,1.5,0.0,0.0,0.0,0.0,1.0,0.5,1.5,0.0,0.0,2.0,0.0,0.0,0.0,501,Ceballos,Daniel,Ceballos Fernández,Daniel Ceballos Fernández,Arsenal,arsenal,0.0,0.0,0.0,1,30.0,0.0
55,2020-21,3,Alexandre_Lacazette_6,4,1,0.0,0.0,0.0,85,0.0,1,selection_dream,0.0,0.0,1.0,29.0,0.0,5.7,1.0,1.0,7.0,33.0,19.0,0.0,0.0,0.0,0.0,0.0,342387.0,1.0,2.0,31.0,7.0,True,0.0,0.0,2.0,0.5,2.5,1.5,3.0,0.0,93434.0,33483.0,0.0,7.0,29.0,9.9,0.0,0.0,1.0,5.0,0.0,1.0,0.0,0.0,1.0,2.0,0.0,1.5,0.0,0.0,0.0,0.0,1.0,0.5,1.5,0.0,0.0,2.0,0.0,0.0,0.0,6,Lacazette,Alexandre,Lacazette,Alexandre Lacazette,Arsenal,arsenal,0.0,0.0,0.0,1,73.0,7.0
56,2020-21,3,Edward_Nketiah_22,4,1,0.0,0.0,0.0,59,0.0,1,selection_dream,0.0,0.0,3.0,31.0,0.0,0.1,0.0,1.0,5.5,34.0,19.0,0.0,0.0,0.0,0.0,0.0,83645.0,1.0,2.0,21.0,8.0,True,0.0,0.0,2.0,0.5,2.5,1.5,3.0,0.0,3801.0,38442.0,0.0,1.0,3.0,0.0,0.0,0.0,0.0,5.0,0.0,0.0,0.0,0.0,1.0,2.0,0.0,1.5,0.0,0.0,0.0,0.0,1.0,0.5,1.5,0.0,0.0,2.0,0.0,0.0,0.0,22,Nketiah,Edward,Nketiah,Edward Nketiah,Arsenal,arsenal,0.0,0.0,0.0,1,17.0,1.0
57,2020-21,3,Lewis_Dunk_62,2,3,0.0,0.0,0.0,50,0.0,0,selection_dream,0.0,0.0,1.0,26.0,1.0,0.8,0.0,0.0,2.0,18.8,14.0,0.0,0.0,0.0,0.0,0.0,508280.0,3.0,0.0,0.0,7.0,False,0.0,2.0,0.0,1.5,2.0,3.0,1.0,1.0,11610.0,57354.0,0.0,1.0,16.0,2.9,0.0,0.0,0.0,6.0,0.0,0.0,5.0,0.0,0.0,1.0,0.0,3.0,0.0,0.0,0.0,0.0,0.5,1.5,1.5,0.0,0.0,0.0,2.0,0.0,0.0,62,Dunk,Lewis,Dunk,Lewis Dunk,Brighton,brighton&hovealbion,0.0,0.0,2.0,1,90.0,-2.0
58,2020-21,3,Adam_Webster_66,2,3,0.0,0.0,0.0,45,0.0,0,selection_dream,0.0,0.0,0.0,21.0,1.0,1.0,0.0,0.0,1.1,10.0,14.0,0.0,0.0,0.0,0.0,0.0,171745.0,3.0,0.0,0.0,6.0,False,0.0,2.0,0.0,1.5,2.0,3.0,1.0,1.0,2892.0,20633.0,0.0,1.0,14.0,2.8,0.0,0.0,0.0,6.0,0.0,0.0,5.0,0.0,0.0,1.0,0.0,3.0,0.0,0.0,0.0,0.0,0.5,1.5,1.5,0.0,0.0,0.0,2.0,0.0,0.0,66,Webster,Adam,Webster,Adam Webster,Brighton,brighton&hovealbion,0.0,0.0,2.0,1,90.0,1.0
59,2020-21,3,Neal_Maupay_68,4,3,0.0,0.0,0.0,65,0.0,0,selection_dream,0.0,1.0,3.0,66.0,1.0,14.6,0.0,2.0,16.3,88.4,14.0,0.0,0.0,0.0,0.0,0.0,101960.0,3.0,0.0,60.0,16.0,False,0.0,2.0,0.0,1.5,2.0,3.0,1.0,1.0,7825.0,17573.0,0.0,2.0,1.0,0.7,0.0,0.0,0.0,6.0,0.0,0.0,5.0,0.0,0.0,1.0,0.0,3.0,0.0,0.0,0.0,0.0,0.5,1.5,1.5,0.0,0.0,0.0,2.0,0.0,0.0,68,Maupay,Neal,Maupay,Neal Maupay,Brighton,brighton&hovealbion,0.0,0.0,2.0,1,90.0,8.0
60,2020-21,4,Kevin_De Bruyne_272,3,12,0.8599519729614258,1.0,1.0,116,0.0,1,model_budget,1.0,0.0,0.0,0.0,0.0,0.0,0.0,0.0,0.0,0.0,0.0,0.0,0.0,0.0,0.0,0.0,0.0,0.0,0.0,0.0,0.0,0,0.0,0.0,0.0,0.0,0.0,0.0,0.0,0,0.0,0.0,0.0,0.0,0.0,0.0,0.0,0.0,0.0,0.0,0.0,0.0,0.0,0.0,0.0,0.0,0.0,0.0,0.0,0.0,0.0,0.0,0.0,0.0,0.0,0.0,0.0,0.0,0.0,0.0,0.0,272,De Bruyne,Kevin,De Bruyne,Kevin De Bruyne,Man City,manchestercity,86.0,0.0,0.0,1,90.0,2.0
61,2020-21,4,Kevin_De Bruyne_272,3,12,0.8599519729614258,1.0,1.0,116,0.0,1,transfer_dream,1.0,0.0,0.0,0.0,0.0,0.0,0.0,0.0,0.0,0.0,0.0,0.0,0.0,0.0,0.0,0.0,0.0,0.0,0.0,0.0,0.0,0,0.0,0.0,0.0,0.0,0.0,0.0,0.0,0,0.0,0.0,0.0,0.0,0.0,0.0,0.0,0.0,0.0,0.0,0.0,0.0,0.0,0.0,0.0,0.0,0.0,0.0,0.0,0.0,0.0,0.0,0.0,0.0,0.0,0.0,0.0,0.0,0.0,0.0,0.0,272,De Bruyne,Kevin,De Bruyne,Kevin De Bruyne,Man City,manchestercity,86.0,0.0,0.0,1,90.0,2.0
62,2020-21,4,Kevin_De Bruyne_272,3,12,0.8599519729614258,1.0,1.0,116,0.0,1,model_dream,1.0,0.0,0.0,0.0,0.0,0.0,0.0,0.0,0.0,0.0,0.0,0.0,0.0,0.0,0.0,0.0,0.0,0.0,0.0,0.0,0.0,0,0.0,0.0,0.0,0.0,0.0,0.0,0.0,0,0.0,0.0,0.0,0.0,0.0,0.0,0.0,0.0,0.0,0.0,0.0,0.0,0.0,0.0,0.0,0.0,0.0,0.0,0.0,0.0,0.0,0.0,0.0,0.0,0.0,0.0,0.0,0.0,0.0,0.0,0.0,272,De Bruyne,Kevin,De Bruyne,Kevin De Bruyne,Man City,manchestercity,86.0,0.0,0.0,1,90.0,2.0
63,2020-21,4,Pierre-Emerick_Aubameyang_4,3,1,0.8491134643554688,0.9873963594436646,1.0,119,0.0,1,model_dream,0.0,0.0,0.0,0.0,0.0,0.0,0.0,0.0,0.0,0.0,0.0,0.0,0.0,0.0,0.0,0.0,0.0,0.0,0.0,0.0,0.0,0,0.0,0.0,0.0,0.0,0.0,0.0,0.0,0,0.0,0.0,0.0,0.0,0.0,0.0,0.0,0.0,0.0,0.0,0.0,0.0,0.0,0.0,0.0,0.0,0.0,0.0,0.0,0.0,0.0,0.0,0.0,0.0,0.0,0.0,0.0,0.0,0.0,0.0,0.0,4,Aubameyang,Pierre-Emerick,Aubameyang,Pierre-Emerick Aubameyang,Arsenal,arsenal,84.91,1.0,0.0,1,90.0,2.0
64,2020-21,4,Pierre-Emerick_Aubameyang_4,3,1,0.8491134643554688,0.9873963594436646,1.0,119,0.0,1,transfer_dream,0.0,0.0,0.0,0.0,0.0,0.0,0.0,0.0,0.0,0.0,0.0,0.0,0.0,0.0,0.0,0.0,0.0,0.0,0.0,0.0,0.0,0,0.0,0.0,0.0,0.0,0.0,0.0,0.0,0,0.0,0.0,0.0,0.0,0.0,0.0,0.0,0.0,0.0,0.0,0.0,0.0,0.0,0.0,0.0,0.0,0.0,0.0,0.0,0.0,0.0,0.0,0.0,0.0,0.0,0.0,0.0,0.0,0.0,0.0,0.0,4,Aubameyang,Pierre-Emerick,Aubameyang,Pierre-Emerick Aubameyang,Arsenal,arsenal,84.91,1.0,0.0,1,90.0,2.0
65,2020-21,4,Pierre-Emerick_Aubameyang_4,3,1,0.0,0.0,0.0,119,0.0,1,selection_dream,1.0,0.0,0.0,5.0,0.0,0.9,3.0,0.0,0.9,4.2,11.0,0.0,0.0,0.0,0.0,0.0,2046859.0,1.0,3.0,4.0,2.0,False,0.0,3.0,1.5,1.3333333333333333,2.0,1.3333333333333333,0.0,True,50656.0,1018211.0,0.0,5.0,20.0,7.9,0.0,2.0,0.0,0.0,1.0,0.0,6.0,0.0,0.0,0.0,0.3333333333333333,1.0,0.0,0.0,0.0,2.0,0.6666666666666666,0.3333333333333333,1.3333333333333333,1.0,2.0,1.5,1.0,0.0,0.0,4,Aubameyang,Pierre-Emerick,Aubameyang,Pierre-Emerick Aubameyang,Arsenal,arsenal,0.0,0.0,0.0,1,90.0,2.0
66,2020-21,4,Harry_Kane_388,4,17,0.8226152658462524,0.95658278465271,1.0,105,0.0,1,model_budget,0.0,0.0,0.0,0.0,0.0,0.0,0.0,0.0,0.0,0.0,0.0,0.0,0.0,0.0,0.0,0.0,0.0,0.0,0.0,0.0,0.0,0,0.0,0.0,0.0,0.0,0.0,0.0,0.0,0,0.0,0.0,0.0,0.0,0.0,0.0,0.0,0.0,0.0,0.0,0.0,0.0,0.0,0.0,0.0,0.0,0.0,0.0,0.0,0.0,0.0,0.0,0.0,0.0,0.0,0.0,0.0,0.0,0.0,0.0,0.0,388,Kane,Harry,Kane,Harry Kane,Spurs,tottenhamhotspur,82.26,1.0,0.0,1,90.0,16.0
67,2020-21,4,Harry_Kane_388,4,17,0.8226152658462524,0.95658278465271,1.0,105,0.0,1,model_dream,0.0,0.0,0.0,0.0,0.0,0.0,0.0,0.0,0.0,0.0,0.0,0.0,0.0,0.0,0.0,0.0,0.0,0.0,0.0,0.0,0.0,0,0.0,0.0,0.0,0.0,0.0,0.0,0.0,0,0.0,0.0,0.0,0.0,0.0,0.0,0.0,0.0,0.0,0.0,0.0,0.0,0.0,0.0,0.0,0.0,0.0,0.0,0.0,0.0,0.0,0.0,0.0,0.0,0.0,0.0,0.0,0.0,0.0,0.0,0.0,388,Kane,Harry,Kane,Harry Kane,Spurs,tottenhamhotspur,82.26,0.0,0.0,1,90.0,16.0
68,2020-21,4,Harry_Kane_388,4,17,0.8226152658462524,0.95658278465271,1.0,105,0.0,1,transfer_dream,0.0,0.0,0.0,0.0,0.0,0.0,0.0,0.0,0.0,0.0,0.0,0.0,0.0,0.0,0.0,0.0,0.0,0.0,0.0,0.0,0.0,0,0.0,0.0,0.0,0.0,0.0,0.0,0.0,0,0.0,0.0,0.0,0.0,0.0,0.0,0.0,0.0,0.0,0.0,0.0,0.0,0.0,0.0,0.0,0.0,0.0,0.0,0.0,0.0,0.0,0.0,0.0,0.0,0.0,0.0,0.0,0.0,0.0,0.0,0.0,388,Kane,Harry,Kane,Harry Kane,Spurs,tottenhamhotspur,82.26,0.0,0.0,1,90.0,16.0
69,2020-21,4,Danny_Ings_366,4,16,0.816331148147583,0.9492752552032472,1.0,84,0.0,1,transfer_dream,0.0,0.0,0.0,0.0,0.0,0.0,0.0,0.0,0.0,0.0,0.0,0.0,0.0,0.0,0.0,0.0,0.0,0.0,0.0,0.0,0.0,0,0.0,0.0,0.0,0.0,0.0,0.0,0.0,0,0.0,0.0,0.0,0.0,0.0,0.0,0.0,0.0,0.0,0.0,0.0,0.0,0.0,0.0,0.0,0.0,0.0,0.0,0.0,0.0,0.0,0.0,0.0,0.0,0.0,0.0,0.0,0.0,0.0,0.0,0.0,366,Ings,Danny,Ings,Danny Ings,Southampton,southampton,81.63,0.0,0.0,1,90.0,2.0
70,2020-21,4,Danny_Ings_366,4,16,0.816331148147583,0.9492752552032472,1.0,84,0.0,1,model_dream,0.0,0.0,0.0,0.0,0.0,0.0,0.0,0.0,0.0,0.0,0.0,0.0,0.0,0.0,0.0,0.0,0.0,0.0,0.0,0.0,0.0,0,0.0,0.0,0.0,0.0,0.0,0.0,0.0,0,0.0,0.0,0.0,0.0,0.0,0.0,0.0,0.0,0.0,0.0,0.0,0.0,0.0,0.0,0.0,0.0,0.0,0.0,0.0,0.0,0.0,0.0,0.0,0.0,0.0,0.0,0.0,0.0,0.0,0.0,0.0,366,Ings,Danny,Ings,Danny Ings,Southampton,southampton,81.63,0.0,0.0,1,90.0,2.0
71,2020-21,4,Mohamed_Salah_254,3,11,0.8132399320602417,0.9456806182861328,1.0,121,0.0,1,model_budget,0.0,0.0,0.0,0.0,0.0,0.0,0.0,0.0,0.0,0.0,0.0,0.0,0.0,0.0,0.0,0.0,0.0,0.0,0.0,0.0,0.0,0,0.0,0.0,0.0,0.0,0.0,0.0,0.0,0,0.0,0.0,0.0,0.0,0.0,0.0,0.0,0.0,0.0,0.0,0.0,0.0,0.0,0.0,0.0,0.0,0.0,0.0,0.0,0.0,0.0,0.0,0.0,0.0,0.0,0.0,0.0,0.0,0.0,0.0,0.0,254,Salah,Mohamed,Salah,Mohamed Salah,Liverpool,liverpool,81.32,0.0,0.0,1,90.0,13.0
72,2020-21,4,Mohamed_Salah_254,3,11,0.8132399320602417,0.9456806182861328,1.0,121,0.0,1,model_dream,0.0,0.0,0.0,0.0,0.0,0.0,0.0,0.0,0.0,0.0,0.0,0.0,0.0,0.0,0.0,0.0,0.0,0.0,0.0,0.0,0.0,0,0.0,0.0,0.0,0.0,0.0,0.0,0.0,0,0.0,0.0,0.0,0.0,0.0,0.0,0.0,0.0,0.0,0.0,0.0,0.0,0.0,0.0,0.0,0.0,0.0,0.0,0.0,0.0,0.0,0.0,0.0,0.0,0.0,0.0,0.0,0.0,0.0,0.0,0.0,254,Salah,Mohamed,Salah,Mohamed Salah,Liverpool,liverpool,81.32,0.0,0.0,1,90.0,13.0
73,2020-21,4,Mohamed_Salah_254,3,11,0.8132399320602417,0.9456806182861328,1.0,121,0.0,1,transfer_dream,0.0,0.0,0.0,0.0,0.0,0.0,0.0,0.0,0.0,0.0,0.0,0.0,0.0,0.0,0.0,0.0,0.0,0.0,0.0,0.0,0.0,0,0.0,0.0,0.0,0.0,0.0,0.0,0.0,0,0.0,0.0,0.0,0.0,0.0,0.0,0.0,0.0,0.0,0.0,0.0,0.0,0.0,0.0,0.0,0.0,0.0,0.0,0.0,0.0,0.0,0.0,0.0,0.0,0.0,0.0,0.0,0.0,0.0,0.0,0.0,254,Salah,Mohamed,Salah,Mohamed Salah,Liverpool,liverpool,81.32,0.0,0.0,1,90.0,13.0
74,2020-21,4,Dominic_Calvert-Lewin_164,4,7,0.8092033863067627,0.940986692905426,1.0,73,0.0,1,model_dream,0.0,0.0,0.0,0.0,0.0,0.0,0.0,0.0,0.0,0.0,0.0,0.0,0.0,0.0,0.0,0.0,0.0,0.0,0.0,0.0,0.0,0,0.0,0.0,0.0,0.0,0.0,0.0,0.0,0,0.0,0.0,0.0,0.0,0.0,0.0,0.0,0.0,0.0,0.0,0.0,0.0,0.0,0.0,0.0,0.0,0.0,0.0,0.0,0.0,0.0,0.0,0.0,0.0,0.0,0.0,0.0,0.0,0.0,0.0,0.0,164,Calvert-Lewin,Dominic,Calvert-Lewin,Dominic Calvert-Lewin,Everton,everton,80.92,0.0,0.0,1,90.0,6.0
75,2020-21,4,Dominic_Calvert-Lewin_164,4,7,0.8092033863067627,0.940986692905426,1.0,73,0.0,0,transfer_dream,0.0,0.0,0.0,0.0,0.0,0.0,0.0,0.0,0.0,0.0,0.0,0.0,0.0,0.0,0.0,0.0,0.0,0.0,0.0,0.0,0.0,0,0.0,0.0,0.0,0.0,0.0,0.0,0.0,0,0.0,0.0,0.0,0.0,0.0,0.0,0.0,0.0,0.0,0.0,0.0,0.0,0.0,0.0,0.0,0.0,0.0,0.0,0.0,0.0,0.0,0.0,0.0,0.0,0.0,0.0,0.0,0.0,0.0,0.0,0.0,164,Calvert-Lewin,Dominic,Calvert-Lewin,Dominic Calvert-Lewin,Everton,everton,80.92,0.0,1.0,1,90.0,6.0
76,2020-21,4,Aleksandar_MitroviÄ_184,4,8,0.7787250876426697,0.9055448770523072,1.0,60,0.0,1,model_budget,0.0,0.0,0.0,0.0,0.0,0.0,0.0,0.0,0.0,0.0,0.0,0.0,0.0,0.0,0.0,0.0,0.0,0.0,0.0,0.0,0.0,0,0.0,0.0,0.0,0.0,0.0,0.0,0.0,0,0.0,0.0,0.0,0.0,0.0,0.0,0.0,0.0,0.0,0.0,0.0,0.0,0.0,0.0,0.0,0.0,0.0,0.0,0.0,0.0,0.0,0.0,0.0,0.0,0.0,0.0,0.0,0.0,0.0,0.0,0.0,184,Mitrović,Aleksandar,Mitrović,Aleksandar Mitrović,Fulham,fulham,77.87,0.0,0.0,1,90.0,2.0
77,2020-21,4,Raheem_Sterling_276,3,12,0.7759337425231934,0.9022989273071288,1.0,115,0.0,1,model_dream,0.0,0.0,0.0,0.0,0.0,0.0,0.0,0.0,0.0,0.0,0.0,0.0,0.0,0.0,0.0,0.0,0.0,0.0,0.0,0.0,0.0,0,0.0,0.0,0.0,0.0,0.0,0.0,0.0,0,0.0,0.0,0.0,0.0,0.0,0.0,0.0,0.0,0.0,0.0,0.0,0.0,0.0,0.0,0.0,0.0,0.0,0.0,0.0,0.0,0.0,0.0,0.0,0.0,0.0,0.0,0.0,0.0,0.0,0.0,0.0,276,Sterling,Raheem,Sterling,Raheem Sterling,Man City,manchestercity,77.59,0.0,0.0,1,90.0,9.0
78,2020-21,4,Raheem_Sterling_276,3,12,0.7759337425231934,0.9022989273071288,1.0,115,0.0,1,transfer_dream,0.0,0.0,0.0,0.0,0.0,0.0,0.0,0.0,0.0,0.0,0.0,0.0,0.0,0.0,0.0,0.0,0.0,0.0,0.0,0.0,0.0,0,0.0,0.0,0.0,0.0,0.0,0.0,0.0,0,0.0,0.0,0.0,0.0,0.0,0.0,0.0,0.0,0.0,0.0,0.0,0.0,0.0,0.0,0.0,0.0,0.0,0.0,0.0,0.0,0.0,0.0,0.0,0.0,0.0,0.0,0.0,0.0,0.0,0.0,0.0,276,Sterling,Raheem,Sterling,Raheem Sterling,Man City,manchestercity,77.59,0.0,0.0,1,90.0,9.0
79,2020-21,4,Patrick_Bamford_202,4,10,0.7323637008666992,0.8516332507133484,1.0,57,0.0,1,model_budget,0.0,0.0,0.0,0.0,0.0,0.0,0.0,0.0,0.0,0.0,0.0,0.0,0.0,0.0,0.0,0.0,0.0,0.0,0.0,0.0,0.0,0,0.0,0.0,0.0,0.0,0.0,0.0,0.0,0,0.0,0.0,0.0,0.0,0.0,0.0,0.0,0.0,0.0,0.0,0.0,0.0,0.0,0.0,0.0,0.0,0.0,0.0,0.0,0.0,0.0,0.0,0.0,0.0,0.0,0.0,0.0,0.0,0.0,0.0,0.0,202,Bamford,Patrick,Bamford,Patrick Bamford,Leeds,leeds,73.24,0.0,0.0,1,90.0,1.0
80,2020-21,4,Bruno Miguel_Borges Fernandes_302,3,13,0.7075771689414978,0.8228101134300232,1.0,105,0.0,0,model_dream,0.0,0.0,0.0,0.0,0.0,0.0,0.0,0.0,0.0,0.0,0.0,0.0,0.0,0.0,0.0,0.0,0.0,0.0,0.0,0.0,0.0,0,0.0,0.0,0.0,0.0,0.0,0.0,0.0,0,0.0,0.0,0.0,0.0,0.0,0.0,0.0,0.0,0.0,0.0,0.0,0.0,0.0,0.0,0.0,0.0,0.0,0.0,0.0,0.0,0.0,0.0,0.0,0.0,0.0,0.0,0.0,0.0,0.0,0.0,0.0,302,Fernandes,Bruno Miguel,Borges Fernandes,Bruno Miguel Borges Fernandes,Man Utd,manchesterunited,70.76,0.0,1.0,1,45.0,6.0
81,2020-21,4,Bruno Miguel_Borges Fernandes_302,3,13,0.7075771689414978,0.8228101134300232,1.0,105,0.0,1,transfer_dream,0.0,0.0,0.0,0.0,0.0,0.0,0.0,0.0,0.0,0.0,0.0,0.0,0.0,0.0,0.0,0.0,0.0,0.0,0.0,0.0,0.0,0,0.0,0.0,0.0,0.0,0.0,0.0,0.0,0,0.0,0.0,0.0,0.0,0.0,0.0,0.0,0.0,0.0,0.0,0.0,0.0,0.0,0.0,0.0,0.0,0.0,0.0,0.0,0.0,0.0,0.0,0.0,0.0,0.0,0.0,0.0,0.0,0.0,0.0,0.0,302,Fernandes,Bruno Miguel,Borges Fernandes,Bruno Miguel Borges Fernandes,Man Utd,manchesterunited,70.76,0.0,0.0,1,45.0,6.0
82,2020-21,4,Wilfried_Zaha_141,3,6,0.6983736753463745,0.8121077418327332,1.0,71,0.0,1,model_budget,0.0,0.0,0.0,0.0,0.0,0.0,0.0,0.0,0.0,0.0,0.0,0.0,0.0,0.0,0.0,0.0,0.0,0.0,0.0,0.0,0.0,0,0.0,0.0,0.0,0.0,0.0,0.0,0.0,0,0.0,0.0,0.0,0.0,0.0,0.0,0.0,0.0,0.0,0.0,0.0,0.0,0.0,0.0,0.0,0.0,0.0,0.0,0.0,0.0,0.0,0.0,0.0,0.0,0.0,0.0,0.0,0.0,0.0,0.0,0.0,141,Zaha,Wilfried,Zaha,Wilfried Zaha,Crystal Palace,crystalpalace,69.84,0.0,0.0,1,90.0,2.0
83,2020-21,4,Adama_TraorÃ©_465,3,20,0.6469550132751465,0.7523152828216553,1.0,65,0.0,1,model_budget,0.0,0.0,0.0,0.0,0.0,0.0,0.0,0.0,0.0,0.0,0.0,0.0,0.0,0.0,0.0,0.0,0.0,0.0,0.0,0.0,0.0,0,0.0,0.0,0.0,0.0,0.0,0.0,0.0,0,0.0,0.0,0.0,0.0,0.0,0.0,0.0,0.0,0.0,0.0,0.0,0.0,0.0,0.0,0.0,0.0,0.0,0.0,0.0,0.0,0.0,0.0,0.0,0.0,0.0,0.0,0.0,0.0,0.0,0.0,0.0,465,Traoré,Adama,Traoré,Adama Traoré,Wolves,wolverhamptonwanderers,64.7,0.0,0.0,1,8.0,1.0
84,2020-21,4,Lucas_Digne_155,2,7,0.6395451755589059,1.0,1.0,61,0.0,1,transfer_dream,0.0,0.0,0.0,0.0,0.0,0.0,0.0,0.0,0.0,0.0,0.0,0.0,0.0,0.0,0.0,0.0,0.0,0.0,0.0,0.0,0.0,0,0.0,0.0,0.0,0.0,0.0,0.0,0.0,0,0.0,0.0,0.0,0.0,0.0,0.0,0.0,0.0,0.0,0.0,0.0,0.0,0.0,0.0,0.0,0.0,0.0,0.0,0.0,0.0,0.0,0.0,0.0,0.0,0.0,0.0,0.0,0.0,0.0,0.0,0.0,155,Digne,Lucas,Digne,Lucas Digne,Everton,everton,63.95,0.0,0.0,1,90.0,1.0
85,2020-21,4,Lucas_Digne_155,2,7,0.6395451755589059,1.0,1.0,61,0.0,1,model_dream,0.0,0.0,0.0,0.0,0.0,0.0,0.0,0.0,0.0,0.0,0.0,0.0,0.0,0.0,0.0,0.0,0.0,0.0,0.0,0.0,0.0,0,0.0,0.0,0.0,0.0,0.0,0.0,0.0,0,0.0,0.0,0.0,0.0,0.0,0.0,0.0,0.0,0.0,0.0,0.0,0.0,0.0,0.0,0.0,0.0,0.0,0.0,0.0,0.0,0.0,0.0,0.0,0.0,0.0,0.0,0.0,0.0,0.0,0.0,0.0,155,Digne,Lucas,Digne,Lucas Digne,Everton,everton,63.95,0.0,0.0,1,90.0,1.0
86,2020-21,4,Lucas_Digne_155,2,7,0.6395451755589059,1.0,1.0,61,0.0,1,model_budget,0.0,0.0,0.0,0.0,0.0,0.0,0.0,0.0,0.0,0.0,0.0,0.0,0.0,0.0,0.0,0.0,0.0,0.0,0.0,0.0,0.0,0,0.0,0.0,0.0,0.0,0.0,0.0,0.0,0,0.0,0.0,0.0,0.0,0.0,0.0,0.0,0.0,0.0,0.0,0.0,0.0,0.0,0.0,0.0,0.0,0.0,0.0,0.0,0.0,0.0,0.0,0.0,0.0,0.0,0.0,0.0,0.0,0.0,0.0,0.0,155,Digne,Lucas,Digne,Lucas Digne,Everton,everton,63.95,0.0,0.0,1,90.0,1.0
87,2020-21,4,Pedro_Lomba Neto_474,3,20,0.5778205990791321,0.671921968460083,-1.0,55,0.0,0,model_budget,0.0,0.0,0.0,0.0,0.0,0.0,0.0,0.0,0.0,0.0,0.0,0.0,0.0,0.0,0.0,0.0,0.0,0.0,0.0,0.0,0.0,0,0.0,0.0,0.0,0.0,0.0,0.0,0.0,0,0.0,0.0,0.0,0.0,0.0,0.0,0.0,0.0,0.0,0.0,0.0,0.0,0.0,0.0,0.0,0.0,0.0,0.0,0.0,0.0,0.0,0.0,0.0,0.0,0.0,0.0,0.0,0.0,0.0,0.0,0.0,474,Neto,Pedro,Lomba Neto,Pedro Lomba Neto,Wolves,wolverhamptonwanderers,57.78,0.0,1.0,1,81.0,8.0
88,2020-21,4,James_Justin_239,2,9,0.5603885598612142,0.8762298290679531,1.0,47,0.0,1,model_dream,0.0,0.0,0.0,0.0,0.0,0.0,0.0,0.0,0.0,0.0,0.0,0.0,0.0,0.0,0.0,0.0,0.0,0.0,0.0,0.0,0.0,0,0.0,0.0,0.0,0.0,0.0,0.0,0.0,0,0.0,0.0,0.0,0.0,0.0,0.0,0.0,0.0,0.0,0.0,0.0,0.0,0.0,0.0,0.0,0.0,0.0,0.0,0.0,0.0,0.0,0.0,0.0,0.0,0.0,0.0,0.0,0.0,0.0,0.0,0.0,239,Justin,James,Justin,James Justin,Leicester,leicestercity,56.04,0.0,0.0,1,90.0,1.0
89,2020-21,4,James_Justin_239,2,9,0.5603885598612142,0.8762298290679531,1.0,47,0.0,1,transfer_dream,0.0,0.0,0.0,0.0,0.0,0.0,0.0,0.0,0.0,0.0,0.0,0.0,0.0,0.0,0.0,0.0,0.0,0.0,0.0,0.0,0.0,0,0.0,0.0,0.0,0.0,0.0,0.0,0.0,0,0.0,0.0,0.0,0.0,0.0,0.0,0.0,0.0,0.0,0.0,0.0,0.0,0.0,0.0,0.0,0.0,0.0,0.0,0.0,0.0,0.0,0.0,0.0,0.0,0.0,0.0,0.0,0.0,0.0,0.0,0.0,239,Justin,James,Justin,James Justin,Leicester,leicestercity,56.04,0.0,0.0,1,90.0,1.0
90,2020-21,4,James_Justin_239,2,9,0.5603885598612142,0.8762298290679531,1.0,47,0.0,1,model_budget,0.0,0.0,0.0,0.0,0.0,0.0,0.0,0.0,0.0,0.0,0.0,0.0,0.0,0.0,0.0,0.0,0.0,0.0,0.0,0.0,0.0,0,0.0,0.0,0.0,0.0,0.0,0.0,0.0,0,0.0,0.0,0.0,0.0,0.0,0.0,0.0,0.0,0.0,0.0,0.0,0.0,0.0,0.0,0.0,0.0,0.0,0.0,0.0,0.0,0.0,0.0,0.0,0.0,0.0,0.0,0.0,0.0,0.0,0.0,0.0,239,Justin,James,Justin,James Justin,Leicester,leicestercity,56.04,0.0,0.0,1,90.0,1.0
91,2020-21,4,Jamaal_Lascelles_328,2,14,0.5592865217015708,0.8745066698576904,1.0,45,0.0,1,model_budget,0.0,0.0,0.0,0.0,0.0,0.0,0.0,0.0,0.0,0.0,0.0,0.0,0.0,0.0,0.0,0.0,0.0,0.0,0.0,0.0,0.0,0,0.0,0.0,0.0,0.0,0.0,0.0,0.0,0,0.0,0.0,0.0,0.0,0.0,0.0,0.0,0.0,0.0,0.0,0.0,0.0,0.0,0.0,0.0,0.0,0.0,0.0,0.0,0.0,0.0,0.0,0.0,0.0,0.0,0.0,0.0,0.0,0.0,0.0,0.0,328,Lascelles,Jamaal,Lascelles,Jamaal Lascelles,Newcastle,newcastleunited,55.93,0.0,0.0,1,0.0,0.0
92,2020-21,4,Jamaal_Lascelles_328,2,14,0.5592865217015708,0.8745066698576904,1.0,45,0.0,1,model_dream,0.0,0.0,0.0,0.0,0.0,0.0,0.0,0.0,0.0,0.0,0.0,0.0,0.0,0.0,0.0,0.0,0.0,0.0,0.0,0.0,0.0,0,0.0,0.0,0.0,0.0,0.0,0.0,0.0,0,0.0,0.0,0.0,0.0,0.0,0.0,0.0,0.0,0.0,0.0,0.0,0.0,0.0,0.0,0.0,0.0,0.0,0.0,0.0,0.0,0.0,0.0,0.0,0.0,0.0,0.0,0.0,0.0,0.0,0.0,0.0,328,Lascelles,Jamaal,Lascelles,Jamaal Lascelles,Newcastle,newcastleunited,55.93,0.0,0.0,1,0.0,0.0
93,2020-21,4,Jamaal_Lascelles_328,2,14,0.5592865217015708,0.8745066698576904,1.0,45,0.0,1,transfer_dream,0.0,0.0,0.0,0.0,0.0,0.0,0.0,0.0,0.0,0.0,0.0,0.0,0.0,0.0,0.0,0.0,0.0,0.0,0.0,0.0,0.0,0,0.0,0.0,0.0,0.0,0.0,0.0,0.0,0,0.0,0.0,0.0,0.0,0.0,0.0,0.0,0.0,0.0,0.0,0.0,0.0,0.0,0.0,0.0,0.0,0.0,0.0,0.0,0.0,0.0,0.0,0.0,0.0,0.0,0.0,0.0,0.0,0.0,0.0,0.0,328,Lascelles,Jamaal,Lascelles,Jamaal Lascelles,Newcastle,newcastleunited,55.93,0.0,0.0,1,0.0,0.0
94,2020-21,4,Vicente_Guaita_128,1,6,0.4630871131099053,0.7240881970616199,0.0,50,0.0,1,model_budget,0.0,0.0,0.0,0.0,0.0,0.0,0.0,0.0,0.0,0.0,0.0,0.0,0.0,0.0,0.0,0.0,0.0,0.0,0.0,0.0,0.0,0,0.0,0.0,0.0,0.0,0.0,0.0,0.0,0,0.0,0.0,0.0,0.0,0.0,0.0,0.0,0.0,0.0,0.0,0.0,0.0,0.0,0.0,0.0,0.0,0.0,0.0,0.0,0.0,0.0,0.0,0.0,0.0,0.0,0.0,0.0,0.0,0.0,0.0,0.0,128,Guaita,Vicente,Guaita,Vicente Guaita,Crystal Palace,crystalpalace,46.31,0.0,0.0,1,90.0,0.0
95,2020-21,4,Vicente_Guaita_128,1,6,0.4630871131099053,0.7240881970616199,0.0,50,0.0,1,model_dream,0.0,0.0,0.0,0.0,0.0,0.0,0.0,0.0,0.0,0.0,0.0,0.0,0.0,0.0,0.0,0.0,0.0,0.0,0.0,0.0,0.0,0,0.0,0.0,0.0,0.0,0.0,0.0,0.0,0,0.0,0.0,0.0,0.0,0.0,0.0,0.0,0.0,0.0,0.0,0.0,0.0,0.0,0.0,0.0,0.0,0.0,0.0,0.0,0.0,0.0,0.0,0.0,0.0,0.0,0.0,0.0,0.0,0.0,0.0,0.0,128,Guaita,Vicente,Guaita,Vicente Guaita,Crystal Palace,crystalpalace,46.31,0.0,0.0,1,90.0,0.0
96,2020-21,4,Vicente_Guaita_128,1,6,0.4630871131099053,0.7240881970616199,0.0,50,0.0,1,transfer_dream,0.0,0.0,0.0,0.0,0.0,0.0,0.0,0.0,0.0,0.0,0.0,0.0,0.0,0.0,0.0,0.0,0.0,0.0,0.0,0.0,0.0,0,0.0,0.0,0.0,0.0,0.0,0.0,0.0,0,0.0,0.0,0.0,0.0,0.0,0.0,0.0,0.0,0.0,0.0,0.0,0.0,0.0,0.0,0.0,0.0,0.0,0.0,0.0,0.0,0.0,0.0,0.0,0.0,0.0,0.0,0.0,0.0,0.0,0.0,0.0,128,Guaita,Vicente,Guaita,Vicente Guaita,Crystal Palace,crystalpalace,46.31,0.0,0.0,1,90.0,0.0
97,2020-21,4,David_de Gea_291,1,13,0.4422101222144297,0.6914447002558922,0.0,55,0.0,0,model_dream,0.0,0.0,0.0,0.0,0.0,0.0,0.0,0.0,0.0,0.0,0.0,0.0,0.0,0.0,0.0,0.0,0.0,0.0,0.0,0.0,0.0,0,0.0,0.0,0.0,0.0,0.0,0.0,0.0,0,0.0,0.0,0.0,0.0,0.0,0.0,0.0,0.0,0.0,0.0,0.0,0.0,0.0,0.0,0.0,0.0,0.0,0.0,0.0,0.0,0.0,0.0,0.0,0.0,0.0,0.0,0.0,0.0,0.0,0.0,0.0,291,de Gea,David,de Gea,David de Gea,Man Utd,manchesterunited,44.22,0.0,0.0,1,90.0,-1.0
98,2020-21,4,David_de Gea_291,1,13,0.4422101222144297,0.6914447002558922,0.0,55,0.0,0,transfer_dream,0.0,0.0,0.0,0.0,0.0,0.0,0.0,0.0,0.0,0.0,0.0,0.0,0.0,0.0,0.0,0.0,0.0,0.0,0.0,0.0,0.0,0,0.0,0.0,0.0,0.0,0.0,0.0,0.0,0,0.0,0.0,0.0,0.0,0.0,0.0,0.0,0.0,0.0,0.0,0.0,0.0,0.0,0.0,0.0,0.0,0.0,0.0,0.0,0.0,0.0,0.0,0.0,0.0,0.0,0.0,0.0,0.0,0.0,0.0,0.0,291,de Gea,David,de Gea,David de Gea,Man Utd,manchesterunited,44.22,0.0,0.0,1,90.0,-1.0
99,2020-21,4,Matt_Targett_42,2,2,0.4207720420606795,0.6579238780012091,0.0,45,0.0,0,model_dream,0.0,0.0,0.0,0.0,0.0,0.0,0.0,0.0,0.0,0.0,0.0,0.0,0.0,0.0,0.0,0.0,0.0,0.0,0.0,0.0,0.0,0,0.0,0.0,0.0,0.0,0.0,0.0,0.0,0,0.0,0.0,0.0,0.0,0.0,0.0,0.0,0.0,0.0,0.0,0.0,0.0,0.0,0.0,0.0,0.0,0.0,0.0,0.0,0.0,0.0,0.0,0.0,0.0,0.0,0.0,0.0,0.0,0.0,0.0,0.0,42,Targett,Matt,Targett,Matt Targett,Aston Villa,astonvilla,42.08,0.0,2.0,1,90.0,1.0
100,2020-21,4,Matt_Targett_42,2,2,0.4207720420606795,0.6579238780012091,0.0,45,0.0,0,model_budget,0.0,0.0,0.0,0.0,0.0,0.0,0.0,0.0,0.0,0.0,0.0,0.0,0.0,0.0,0.0,0.0,0.0,0.0,0.0,0.0,0.0,0,0.0,0.0,0.0,0.0,0.0,0.0,0.0,0,0.0,0.0,0.0,0.0,0.0,0.0,0.0,0.0,0.0,0.0,0.0,0.0,0.0,0.0,0.0,0.0,0.0,0.0,0.0,0.0,0.0,0.0,0.0,0.0,0.0,0.0,0.0,0.0,0.0,0.0,0.0,42,Targett,Matt,Targett,Matt Targett,Aston Villa,astonvilla,42.08,0.0,2.0,1,90.0,1.0
101,2020-21,4,Matt_Targett_42,2,2,0.4207720420606795,0.6579238780012091,0.0,45,0.0,0,transfer_dream,0.0,0.0,0.0,0.0,0.0,0.0,0.0,0.0,0.0,0.0,0.0,0.0,0.0,0.0,0.0,0.0,0.0,0.0,0.0,0.0,0.0,0,0.0,0.0,0.0,0.0,0.0,0.0,0.0,0,0.0,0.0,0.0,0.0,0.0,0.0,0.0,0.0,0.0,0.0,0.0,0.0,0.0,0.0,0.0,0.0,0.0,0.0,0.0,0.0,0.0,0.0,0.0,0.0,0.0,0.0,0.0,0.0,0.0,0.0,0.0,42,Targett,Matt,Targett,Matt Targett,Aston Villa,astonvilla,42.08,0.0,2.0,1,90.0,1.0
102,2020-21,4,Matt_Targett_42,2,2,0.0,0.0,0.0,45,0.0,0,selection_dream,0.0,0.0,0.0,24.0,1.0,2.0,0.0,0.0,1.1,8.6,8.0,0.0,0.0,0.0,0.0,0.0,65844.0,3.0,0.0,0.0,5.0,False,1.0,1.5,3.5,0.0,2.0,1.3333333333333333,3.0,True,11484.0,8915.0,0.0,5.0,18.0,1.4,0.0,2.0,0.0,0.0,0.0,0.0,6.0,0.0,0.6666666666666666,2.333333333333333,0.0,1.3333333333333333,0.0,0.0,0.0,2.0,0.5,0.0,1.5,0.0,0.0,1.5,1.5,2.0,0.0,42,Targett,Matt,Targett,Matt Targett,Aston Villa,astonvilla,0.0,0.0,2.0,1,90.0,1.0
103,2020-21,4,George_Baldock_351,2,15,0.4031604506704027,0.630386196437298,0.0,55,0.0,0,model_dream,0.0,0.0,0.0,0.0,0.0,0.0,0.0,0.0,0.0,0.0,0.0,0.0,0.0,0.0,0.0,0.0,0.0,0.0,0.0,0.0,0.0,0,0.0,0.0,0.0,0.0,0.0,0.0,0.0,0,0.0,0.0,0.0,0.0,0.0,0.0,0.0,0.0,0.0,0.0,0.0,0.0,0.0,0.0,0.0,0.0,0.0,0.0,0.0,0.0,0.0,0.0,0.0,0.0,0.0,0.0,0.0,0.0,0.0,0.0,0.0,351,Baldock,George,Baldock,George Baldock,Sheffield Utd,sheffieldunited,40.32,0.0,3.0,1,90.0,4.0
104,2020-21,4,George_Baldock_351,2,15,0.4031604506704027,0.630386196437298,0.0,55,0.0,0,transfer_dream,0.0,0.0,0.0,0.0,0.0,0.0,0.0,0.0,0.0,0.0,0.0,0.0,0.0,0.0,0.0,0.0,0.0,0.0,0.0,0.0,0.0,0,0.0,0.0,0.0,0.0,0.0,0.0,0.0,0,0.0,0.0,0.0,0.0,0.0,0.0,0.0,0.0,0.0,0.0,0.0,0.0,0.0,0.0,0.0,0.0,0.0,0.0,0.0,0.0,0.0,0.0,0.0,0.0,0.0,0.0,0.0,0.0,0.0,0.0,0.0,351,Baldock,George,Baldock,George Baldock,Sheffield Utd,sheffieldunited,40.32,0.0,3.0,1,90.0,4.0
105,2020-21,4,Emiliano_MartÃ­nez_12,1,2,0.3771223383636648,0.5896727123835986,0.0,45,0.0,49,model_budget,0.0,0.0,0.0,0.0,0.0,0.0,0.0,0.0,0.0,0.0,0.0,0.0,0.0,0.0,0.0,0.0,0.0,0.0,0.0,0.0,0.0,0,0.0,0.0,0.0,0.0,0.0,0.0,0.0,0,0.0,0.0,0.0,0.0,0.0,0.0,0.0,0.0,0.0,0.0,0.0,0.0,0.0,0.0,0.0,0.0,0.0,0.0,0.0,0.0,0.0,0.0,0.0,0.0,0.0,0.0,0.0,0.0,0.0,0.0,0.0,12,Martínez,Emiliano,Martínez,Emiliano Martínez,Aston Villa,astonvilla,37.71,0.0,0.0,1,90.0,3.0
106,2020-21,4,Emiliano_MartÃ­nez_12,1,2,0.0,0.0,0.0,45,0.0,0,selection_dream,0.0,0.0,0.0,26.0,1.0,0.0,0.0,0.0,1.9,19.0,8.0,0.0,0.0,0.0,0.0,2.0,783041.0,3.0,0.0,0.0,6.0,False,0.0,1.5,3.5,0.0,2.0,1.3333333333333333,3.0,True,385360.0,51466.0,0.0,13.0,38.0,3.2,0.0,2.0,0.0,0.0,0.0,2.0,6.0,0.0,0.6666666666666666,2.333333333333333,0.0,1.3333333333333333,0.0,0.0,0.0,2.0,0.5,0.0,1.5,0.0,0.0,1.5,1.5,2.0,0.0,12,Martínez,Emiliano,Martínez,Emiliano Martínez,Aston Villa,astonvilla,0.0,0.0,0.0,1,90.0,3.0
107,2020-21,4,Liam_Cooper_195,2,10,0.12497743364283702,0.19541611510651732,0.0,44,0.0,0,model_budget,0.0,0.0,0.0,0.0,0.0,0.0,0.0,0.0,0.0,0.0,0.0,0.0,0.0,0.0,0.0,0.0,0.0,0.0,0.0,0.0,0.0,0,0.0,0.0,0.0,0.0,0.0,0.0,0.0,0,0.0,0.0,0.0,0.0,0.0,0.0,0.0,0.0,0.0,0.0,0.0,0.0,0.0,0.0,0.0,0.0,0.0,0.0,0.0,0.0,0.0,0.0,0.0,0.0,0.0,0.0,0.0,0.0,0.0,0.0,0.0,195,Cooper,Liam,Cooper,Liam Cooper,Leeds,leeds,12.5,0.0,3.0,1,90.0,3.0
108,2020-21,4,Tyrone_Mings_41,2,2,0.0,0.0,0.0,50,0.0,0,selection_dream,0.0,0.0,1.0,31.0,1.0,0.2,0.0,1.0,9.6,61.4,8.0,0.0,0.0,0.0,0.0,0.0,155915.0,3.0,0.0,34.0,12.0,False,1.0,1.5,3.5,0.0,2.0,1.3333333333333333,3.0,True,44618.0,11390.0,0.0,10.0,35.0,5.1,0.0,2.0,0.0,0.0,1.0,1.0,6.0,0.0,0.6666666666666666,2.333333333333333,0.0,1.3333333333333333,0.0,0.0,0.0,2.0,0.5,0.0,1.5,0.0,0.0,1.5,1.5,2.0,0.0,41,Mings,Tyrone,Mings,Tyrone Mings,Aston Villa,astonvilla,0.0,0.0,2.0,1,90.0,1.0
109,2020-21,4,Conor_Hourihane_33,3,2,0.0,0.0,0.0,60,0.0,1,selection_dream,0.0,1.0,3.0,44.0,1.0,40.1,0.0,1.0,11.6,55.4,8.0,0.0,0.0,0.0,0.0,0.0,5325.0,3.0,0.0,20.0,14.0,False,0.0,1.5,3.5,0.0,2.0,1.3333333333333333,3.0,True,568.0,764.0,0.0,3.0,13.0,4.7,0.0,2.0,0.0,0.0,0.0,0.0,6.0,0.0,0.6666666666666666,2.333333333333333,0.0,1.3333333333333333,0.0,0.0,0.0,2.0,0.5,0.0,1.5,0.0,0.0,1.5,1.5,2.0,0.0,33,Hourihane,Conor,Hourihane,Conor Hourihane,Aston Villa,astonvilla,0.0,1.0,0.0,1,0.0,0.0
110,2020-21,4,Jack_Grealish_37,3,2,0.0,0.0,0.0,70,0.0,1,selection_dream,0.0,0.0,0.0,29.0,1.0,25.0,0.0,1.0,13.1,45.4,8.0,0.0,0.0,0.0,0.0,0.0,658262.0,3.0,0.0,61.0,8.0,False,0.0,1.5,3.5,0.0,2.0,1.3333333333333333,3.0,True,44657.0,93375.0,0.0,3.0,10.0,9.7,0.0,2.0,0.0,0.0,0.0,0.0,6.0,0.0,0.6666666666666666,2.333333333333333,0.0,1.3333333333333333,0.0,0.0,0.0,2.0,0.5,0.0,1.5,0.0,0.0,1.5,1.5,2.0,0.0,37,Grealish,Jack,Grealish,Jack Grealish,Aston Villa,astonvilla,0.0,0.0,0.0,1,90.0,24.0
111,2020-21,4,John_McGinn_38,3,2,0.0,0.0,0.0,55,0.0,1,selection_dream,0.0,2.0,2.0,35.0,1.0,55.4,0.0,0.0,13.1,45.0,8.0,0.0,0.0,0.0,0.0,0.0,32594.0,3.0,0.0,31.0,10.0,False,1.0,1.5,3.5,0.0,2.0,1.3333333333333333,3.0,True,1806.0,4751.0,0.0,2.0,6.0,6.0,0.0,2.0,0.0,0.0,0.0,0.0,6.0,0.0,0.6666666666666666,2.333333333333333,0.0,1.3333333333333333,0.0,0.0,0.0,2.0,0.5,0.0,1.5,0.0,0.0,1.5,1.5,2.0,0.0,38,McGinn,John,McGinn,John McGinn,Aston Villa,astonvilla,0.0,0.0,0.0,1,90.0,10.0
112,2020-21,4,Ollie_Watkins_514,4,2,0.0,0.0,0.0,60,0.0,1,selection_dream,0.0,0.0,0.0,3.0,1.0,12.0,0.0,0.0,2.9,1.8,8.0,0.0,0.0,0.0,0.0,0.0,109123.0,3.0,0.0,15.0,2.0,False,0.0,1.5,3.5,0.0,2.0,1.3333333333333333,3.0,True,24796.0,21926.0,0.0,2.0,0.0,5.6,0.0,2.0,0.0,0.0,0.0,0.0,6.0,0.0,0.6666666666666666,2.333333333333333,0.0,1.3333333333333333,0.0,0.0,0.0,2.0,0.5,0.0,1.5,0.0,0.0,1.5,1.5,2.0,0.0,514,Watkins,Ollie,Watkins,Ollie Watkins,Aston Villa,astonvilla,0.0,0.0,0.0,1,90.0,19.0
113,2020-21,4,Bernd_Leno_8,1,1,0.0,0.0,0.0,50,0.0,1,selection_dream,0.0,0.0,1.0,22.0,0.0,0.0,3.0,0.0,3.6,35.8,11.0,0.0,0.0,0.0,0.0,5.0,605224.0,1.0,3.0,0.0,3.0,False,0.0,3.0,1.5,1.3333333333333333,2.0,1.3333333333333333,0.0,True,57089.0,90174.0,0.0,2.0,18.0,1.8,0.0,2.0,0.0,0.0,0.0,0.0,6.0,0.0,0.0,0.0,0.3333333333333333,1.0,0.0,0.0,0.0,2.0,0.6666666666666666,0.3333333333333333,1.3333333333333333,1.0,2.0,1.5,1.0,0.0,0.0,8,Leno,Bernd,Leno,Bernd Leno,Arsenal,arsenal,0.0,0.0,0.0,1,90.0,2.0
114,2020-21,4,David_Luiz Moreira Marinho_3,2,1,0.0,0.0,0.0,55,0.0,1,selection_dream,0.0,0.0,0.0,11.0,0.0,3.2,3.0,0.0,2.3,20.2,11.0,0.0,0.0,0.0,0.0,0.0,61983.0,1.0,3.0,0.0,1.0,False,0.0,3.0,1.5,1.3333333333333333,2.0,1.3333333333333333,0.0,True,7407.0,6696.0,0.0,1.0,3.0,0.0,0.0,2.0,0.0,0.0,0.0,0.0,6.0,0.0,0.0,0.0,0.3333333333333333,1.0,0.0,0.0,0.0,2.0,0.6666666666666666,0.3333333333333333,1.3333333333333333,1.0,2.0,1.5,1.0,0.0,0.0,3,David Luiz,David,Luiz Moreira Marinho,David Luiz Moreira Marinho,Arsenal,arsenal,0.0,0.0,0.0,1,90.0,2.0
115,2020-21,4,HÃ©ctor_BellerÃ­n_11,2,1,0.0,0.0,0.0,50,0.0,1,selection_dream,0.0,0.0,0.0,12.0,0.0,1.5,3.0,0.0,1.9,15.6,11.0,0.0,0.0,0.0,0.0,0.0,323391.0,1.0,3.0,2.0,0.0,False,1.0,3.0,1.5,1.3333333333333333,2.0,1.3333333333333333,0.0,True,39377.0,58406.0,0.0,2.0,10.0,1.7,0.0,2.0,0.0,0.0,0.0,0.0,6.0,0.0,0.0,0.0,0.3333333333333333,1.0,0.0,0.0,0.0,2.0,0.6666666666666666,0.3333333333333333,1.3333333333333333,1.0,2.0,1.5,1.0,0.0,0.0,11,Bellerín,Héctor,Bellerín,Héctor Bellerín,Arsenal,arsenal,0.0,0.0,0.0,1,90.0,11.0
116,2020-21,4,Rob_Holding_16,2,1,0.0,0.0,0.0,45,0.0,1,selection_dream,0.0,0.0,0.0,14.0,0.0,0.1,3.0,0.0,3.2,32.0,11.0,0.0,0.0,0.0,0.0,0.0,171240.0,1.0,3.0,0.0,1.0,False,0.0,3.0,1.5,1.3333333333333333,2.0,1.3333333333333333,0.0,True,51839.0,36965.0,0.0,2.0,16.0,1.4,0.0,2.0,0.0,0.0,0.0,0.0,6.0,0.0,0.0,0.0,0.3333333333333333,1.0,0.0,0.0,0.0,2.0,0.6666666666666666,0.3333333333333333,1.3333333333333333,1.0,2.0,1.5,1.0,0.0,0.0,16,Holding,Rob,Holding,Rob Holding,Arsenal,arsenal,0.0,0.0,0.0,1,0.0,0.0
117,2020-21,4,Willian_Borges Da Silva_478,3,1,0.0,0.0,0.0,81,0.0,1,selection_dream,0.0,0.0,0.0,6.0,0.0,13.7,2.0,0.0,1.5,0.8,11.0,0.0,0.0,0.0,0.0,0.0,858445.0,1.0,3.0,0.0,2.0,False,0.0,3.0,1.5,1.3333333333333333,2.0,1.3333333333333333,0.0,True,81422.0,334961.0,0.0,2.0,11.0,3.1,0.0,2.0,0.0,0.0,0.0,0.0,6.0,0.0,0.0,0.0,0.3333333333333333,1.0,0.0,0.0,0.0,2.0,0.6666666666666666,0.3333333333333333,1.3333333333333333,1.0,2.0,1.5,1.0,0.0,0.0,478,Willian,Willian,Borges Da Silva,Willian Borges Da Silva,Arsenal,arsenal,0.0,0.0,0.0,1,90.0,2.0
118,2020-21,4,Alexandre_Lacazette_6,4,1,0.0,0.0,0.0,85,0.0,1,selection_dream,0.0,0.0,1.0,22.0,0.0,11.4,2.0,1.0,10.7,40.4,11.0,0.0,0.0,0.0,0.0,0.0,340935.0,1.0,3.0,55.0,7.0,False,0.0,3.0,1.5,1.3333333333333333,2.0,1.3333333333333333,0.0,True,47809.0,69661.0,0.0,7.0,29.0,7.0,0.0,2.0,1.0,0.0,0.0,1.0,6.0,0.0,0.0,0.0,0.3333333333333333,1.0,0.0,0.0,0.0,2.0,0.6666666666666666,0.3333333333333333,1.3333333333333333,1.0,2.0,1.5,1.0,0.0,0.0,6,Lacazette,Alexandre,Lacazette,Alexandre Lacazette,Arsenal,arsenal,0.0,0.0,0.0,1,0.0,0.0
119,2020-21,4,Neal_Maupay_68,4,3,0.0,0.0,0.0,65,0.0,0,selection_dream,0.0,0.0,2.0,33.0,0.0,38.7,3.0,1.0,14.1,40.2,13.0,0.0,0.0,0.0,0.0,0.0,160211.0,3.0,2.0,62.0,8.0,True,0.0,1.0,3.0,2.0,2.0,1.0,2.6666666666666665,False,67121.0,29867.0,0.0,16.0,66.0,16.3,2.0,0.0,2.0,5.0,1.0,3.0,5.0,0.0,1.0,1.6666666666666667,0.3333333333333333,0.6666666666666666,2.0,0.0,0.0,0.0,1.0,2.0,1.0,0.0,1.0,3.0,0.0,0.0,0.0,68,Maupay,Neal,Maupay,Neal Maupay,Brighton,brighton&hovealbion,0.0,0.0,2.0,1,90.0,6.0
0,2020-21,5,Raheem_Sterling_276,3,12,0.8888624906539917,1.0,1.0,115,0.0,1,model_budget,1.0,0.0,0.0,0.0,0.0,0.0,0.0,0.0,0.0,0.0,0.0,0.0,0.0,0.0,0.0,0.0,0.0,0.0,0.0,0.0,0.0,0,0.0,0.0,0.0,0.0,0.0,0.0,0.0,0,0.0,0.0,0.0,0.0,0.0,0.0,0.0,0.0,0.0,0.0,0.0,0.0,0.0,0.0,0.0,0.0,0.0,0.0,0.0,0.0,0.0,0.0,0.0,0.0,0.0,0.0,0.0,0.0,0.0,0.0,0.0,276,Sterling,Raheem,Sterling,Raheem Sterling,Man City,manchestercity,88.89,0.0,0.0,0,0.0,0.0
1,2020-21,5,Raheem_Sterling_276,3,12,0.8888624906539917,1.0,1.0,115,0.0,1,transfer_dream,1.0,0.0,0.0,0.0,0.0,0.0,0.0,0.0,0.0,0.0,0.0,0.0,0.0,0.0,0.0,0.0,0.0,0.0,0.0,0.0,0.0,0,0.0,0.0,0.0,0.0,0.0,0.0,0.0,0,0.0,0.0,0.0,0.0,0.0,0.0,0.0,0.0,0.0,0.0,0.0,0.0,0.0,0.0,0.0,0.0,0.0,0.0,0.0,0.0,0.0,0.0,0.0,0.0,0.0,0.0,0.0,0.0,0.0,0.0,0.0,276,Sterling,Raheem,Sterling,Raheem Sterling,Man City,manchestercity,88.89,0.0,0.0,0,0.0,0.0
2,2020-21,5,Raheem_Sterling_276,3,12,0.8888624906539917,1.0,1.0,115,0.0,1,model_dream,1.0,0.0,0.0,0.0,0.0,0.0,0.0,0.0,0.0,0.0,0.0,0.0,0.0,0.0,0.0,0.0,0.0,0.0,0.0,0.0,0.0,0,0.0,0.0,0.0,0.0,0.0,0.0,0.0,0,0.0,0.0,0.0,0.0,0.0,0.0,0.0,0.0,0.0,0.0,0.0,0.0,0.0,0.0,0.0,0.0,0.0,0.0,0.0,0.0,0.0,0.0,0.0,0.0,0.0,0.0,0.0,0.0,0.0,0.0,0.0,276,Sterling,Raheem,Sterling,Raheem Sterling,Man City,manchestercity,88.89,0.0,0.0,0,0.0,0.0
3,2020-21,5,Harry_Kane_388,4,17,0.882841944694519,0.9932267069816589,1.0,105,0.0,1,model_budget,0.0,0.0,0.0,0.0,0.0,0.0,0.0,0.0,0.0,0.0,0.0,0.0,0.0,0.0,0.0,0.0,0.0,0.0,0.0,0.0,0.0,0,0.0,0.0,0.0,0.0,0.0,0.0,0.0,0,0.0,0.0,0.0,0.0,0.0,0.0,0.0,0.0,0.0,0.0,0.0,0.0,0.0,0.0,0.0,0.0,0.0,0.0,0.0,0.0,0.0,0.0,0.0,0.0,0.0,0.0,0.0,0.0,0.0,0.0,0.0,388,Kane,Harry,Kane,Harry Kane,Spurs,tottenhamhotspur,88.28,1.0,0.0,0,0.0,0.0
4,2020-21,5,Harry_Kane_388,4,17,0.882841944694519,0.9932267069816589,1.0,105,0.0,1,model_dream,0.0,0.0,0.0,0.0,0.0,0.0,0.0,0.0,0.0,0.0,0.0,0.0,0.0,0.0,0.0,0.0,0.0,0.0,0.0,0.0,0.0,0,0.0,0.0,0.0,0.0,0.0,0.0,0.0,0,0.0,0.0,0.0,0.0,0.0,0.0,0.0,0.0,0.0,0.0,0.0,0.0,0.0,0.0,0.0,0.0,0.0,0.0,0.0,0.0,0.0,0.0,0.0,0.0,0.0,0.0,0.0,0.0,0.0,0.0,0.0,388,Kane,Harry,Kane,Harry Kane,Spurs,tottenhamhotspur,88.28,1.0,0.0,0,0.0,0.0
5,2020-21,5,Harry_Kane_388,4,17,0.882841944694519,0.9932267069816589,1.0,105,0.0,1,transfer_dream,0.0,0.0,0.0,0.0,0.0,0.0,0.0,0.0,0.0,0.0,0.0,0.0,0.0,0.0,0.0,0.0,0.0,0.0,0.0,0.0,0.0,0,0.0,0.0,0.0,0.0,0.0,0.0,0.0,0,0.0,0.0,0.0,0.0,0.0,0.0,0.0,0.0,0.0,0.0,0.0,0.0,0.0,0.0,0.0,0.0,0.0,0.0,0.0,0.0,0.0,0.0,0.0,0.0,0.0,0.0,0.0,0.0,0.0,0.0,0.0,388,Kane,Harry,Kane,Harry Kane,Spurs,tottenhamhotspur,88.28,1.0,0.0,0,0.0,0.0
6,2020-21,5,Kevin_De Bruyne_272,3,12,0.8672242164611816,0.9756562113761902,1.0,117,0.0,1,model_dream,0.0,0.0,0.0,0.0,0.0,0.0,0.0,0.0,0.0,0.0,0.0,0.0,0.0,0.0,0.0,0.0,0.0,0.0,0.0,0.0,0.0,0,0.0,0.0,0.0,0.0,0.0,0.0,0.0,0,0.0,0.0,0.0,0.0,0.0,0.0,0.0,0.0,0.0,0.0,0.0,0.0,0.0,0.0,0.0,0.0,0.0,0.0,0.0,0.0,0.0,0.0,0.0,0.0,0.0,0.0,0.0,0.0,0.0,0.0,0.0,272,De Bruyne,Kevin,De Bruyne,Kevin De Bruyne,Man City,manchestercity,86.72,0.0,0.0,0,0.0,0.0
7,2020-21,5,Kevin_De Bruyne_272,3,12,0.8672242164611816,0.9756562113761902,1.0,117,0.0,1,transfer_dream,0.0,0.0,0.0,0.0,0.0,0.0,0.0,0.0,0.0,0.0,0.0,0.0,0.0,0.0,0.0,0.0,0.0,0.0,0.0,0.0,0.0,0,0.0,0.0,0.0,0.0,0.0,0.0,0.0,0,0.0,0.0,0.0,0.0,0.0,0.0,0.0,0.0,0.0,0.0,0.0,0.0,0.0,0.0,0.0,0.0,0.0,0.0,0.0,0.0,0.0,0.0,0.0,0.0,0.0,0.0,0.0,0.0,0.0,0.0,0.0,272,De Bruyne,Kevin,De Bruyne,Kevin De Bruyne,Man City,manchestercity,86.72,0.0,0.0,0,0.0,0.0
8,2020-21,5,Timo_Werner_117,4,5,0.8219775557518005,0.9247522354125977,1.0,94,0.0,1,model_dream,0.0,0.0,0.0,0.0,0.0,0.0,0.0,0.0,0.0,0.0,0.0,0.0,0.0,0.0,0.0,0.0,0.0,0.0,0.0,0.0,0.0,0,0.0,0.0,0.0,0.0,0.0,0.0,0.0,0,0.0,0.0,0.0,0.0,0.0,0.0,0.0,0.0,0.0,0.0,0.0,0.0,0.0,0.0,0.0,0.0,0.0,0.0,0.0,0.0,0.0,0.0,0.0,0.0,0.0,0.0,0.0,0.0,0.0,0.0,0.0,117,Werner,Timo,Werner,Timo Werner,Chelsea,chelsea,82.2,0.0,0.0,0,0.0,0.0
9,2020-21,5,Timo_Werner_117,4,5,0.8219775557518005,0.9247522354125977,1.0,94,0.0,1,transfer_dream,0.0,0.0,0.0,0.0,0.0,0.0,0.0,0.0,0.0,0.0,0.0,0.0,0.0,0.0,0.0,0.0,0.0,0.0,0.0,0.0,0.0,0,0.0,0.0,0.0,0.0,0.0,0.0,0.0,0,0.0,0.0,0.0,0.0,0.0,0.0,0.0,0.0,0.0,0.0,0.0,0.0,0.0,0.0,0.0,0.0,0.0,0.0,0.0,0.0,0.0,0.0,0.0,0.0,0.0,0.0,0.0,0.0,0.0,0.0,0.0,117,Werner,Timo,Werner,Timo Werner,Chelsea,chelsea,82.2,0.0,0.0,0,0.0,0.0
10,2020-21,5,Pierre-Emerick_Aubameyang_4,3,1,0.8085438013076782,0.9096387624740601,1.0,119,0.0,1,transfer_dream,0.0,0.0,0.0,0.0,0.0,0.0,0.0,0.0,0.0,0.0,0.0,0.0,0.0,0.0,0.0,0.0,0.0,0.0,0.0,0.0,0.0,0,0.0,0.0,0.0,0.0,0.0,0.0,0.0,0,0.0,0.0,0.0,0.0,0.0,0.0,0.0,0.0,0.0,0.0,0.0,0.0,0.0,0.0,0.0,0.0,0.0,0.0,0.0,0.0,0.0,0.0,0.0,0.0,0.0,0.0,0.0,0.0,0.0,0.0,0.0,4,Aubameyang,Pierre-Emerick,Aubameyang,Pierre-Emerick Aubameyang,Arsenal,arsenal,80.85,0.0,0.0,0,0.0,0.0
11,2020-21,5,Pierre-Emerick_Aubameyang_4,3,1,0.8085438013076782,0.9096387624740601,1.0,119,0.0,1,model_dream,0.0,0.0,0.0,0.0,0.0,0.0,0.0,0.0,0.0,0.0,0.0,0.0,0.0,0.0,0.0,0.0,0.0,0.0,0.0,0.0,0.0,0,0.0,0.0,0.0,0.0,0.0,0.0,0.0,0,0.0,0.0,0.0,0.0,0.0,0.0,0.0,0.0,0.0,0.0,0.0,0.0,0.0,0.0,0.0,0.0,0.0,0.0,0.0,0.0,0.0,0.0,0.0,0.0,0.0,0.0,0.0,0.0,0.0,0.0,0.0,4,Aubameyang,Pierre-Emerick,Aubameyang,Pierre-Emerick Aubameyang,Arsenal,arsenal,80.85,0.0,0.0,0,0.0,0.0
12,2020-21,5,Kai_Havertz_500,3,5,0.773334264755249,0.8700268864631653,1.0,84,0.0,1,model_budget,0.0,0.0,0.0,0.0,0.0,0.0,0.0,0.0,0.0,0.0,0.0,0.0,0.0,0.0,0.0,0.0,0.0,0.0,0.0,0.0,0.0,0,0.0,0.0,0.0,0.0,0.0,0.0,0.0,0,0.0,0.0,0.0,0.0,0.0,0.0,0.0,0.0,0.0,0.0,0.0,0.0,0.0,0.0,0.0,0.0,0.0,0.0,0.0,0.0,0.0,0.0,0.0,0.0,0.0,0.0,0.0,0.0,0.0,0.0,0.0,500,Havertz,Kai,Havertz,Kai Havertz,Chelsea,chelsea,77.33,0.0,0.0,0,0.0,0.0
13,2020-21,5,Kai_Havertz_500,3,5,0.773334264755249,0.8700268864631653,1.0,84,0.0,1,model_dream,0.0,0.0,0.0,0.0,0.0,0.0,0.0,0.0,0.0,0.0,0.0,0.0,0.0,0.0,0.0,0.0,0.0,0.0,0.0,0.0,0.0,0,0.0,0.0,0.0,0.0,0.0,0.0,0.0,0,0.0,0.0,0.0,0.0,0.0,0.0,0.0,0.0,0.0,0.0,0.0,0.0,0.0,0.0,0.0,0.0,0.0,0.0,0.0,0.0,0.0,0.0,0.0,0.0,0.0,0.0,0.0,0.0,0.0,0.0,0.0,500,Havertz,Kai,Havertz,Kai Havertz,Chelsea,chelsea,77.33,0.0,0.0,0,0.0,0.0
14,2020-21,5,Kai_Havertz_500,3,5,0.773334264755249,0.8700268864631653,1.0,84,0.0,1,transfer_dream,0.0,0.0,0.0,0.0,0.0,0.0,0.0,0.0,0.0,0.0,0.0,0.0,0.0,0.0,0.0,0.0,0.0,0.0,0.0,0.0,0.0,0,0.0,0.0,0.0,0.0,0.0,0.0,0.0,0,0.0,0.0,0.0,0.0,0.0,0.0,0.0,0.0,0.0,0.0,0.0,0.0,0.0,0.0,0.0,0.0,0.0,0.0,0.0,0.0,0.0,0.0,0.0,0.0,0.0,0.0,0.0,0.0,0.0,0.0,0.0,500,Havertz,Kai,Havertz,Kai Havertz,Chelsea,chelsea,77.33,0.0,0.0,0,0.0,0.0
15,2020-21,5,Mohamed_Salah_254,3,11,0.7640799283981323,0.8596154451370239,1.0,122,0.0,1,transfer_dream,0.0,0.0,0.0,0.0,0.0,0.0,0.0,0.0,0.0,0.0,0.0,0.0,0.0,0.0,0.0,0.0,0.0,0.0,0.0,0.0,0.0,0,0.0,0.0,0.0,0.0,0.0,0.0,0.0,0,0.0,0.0,0.0,0.0,0.0,0.0,0.0,0.0,0.0,0.0,0.0,0.0,0.0,0.0,0.0,0.0,0.0,0.0,0.0,0.0,0.0,0.0,0.0,0.0,0.0,0.0,0.0,0.0,0.0,0.0,0.0,254,Salah,Mohamed,Salah,Mohamed Salah,Liverpool,liverpool,76.41,0.0,0.0,0,0.0,0.0
16,2020-21,5,Mohamed_Salah_254,3,11,0.7640799283981323,0.8596154451370239,1.0,122,0.0,0,model_dream,0.0,0.0,0.0,0.0,0.0,0.0,0.0,0.0,0.0,0.0,0.0,0.0,0.0,0.0,0.0,0.0,0.0,0.0,0.0,0.0,0.0,0,0.0,0.0,0.0,0.0,0.0,0.0,0.0,0,0.0,0.0,0.0,0.0,0.0,0.0,0.0,0.0,0.0,0.0,0.0,0.0,0.0,0.0,0.0,0.0,0.0,0.0,0.0,0.0,0.0,0.0,0.0,0.0,0.0,0.0,0.0,0.0,0.0,0.0,0.0,254,Salah,Mohamed,Salah,Mohamed Salah,Liverpool,liverpool,76.41,0.0,1.0,0,0.0,0.0
17,2020-21,5,RaÃºl_JimÃ©nez_460,4,20,0.7616931200027466,0.8569301962852478,1.0,86,0.0,1,model_dream,0.0,0.0,0.0,0.0,0.0,0.0,0.0,0.0,0.0,0.0,0.0,0.0,0.0,0.0,0.0,0.0,0.0,0.0,0.0,0.0,0.0,0,0.0,0.0,0.0,0.0,0.0,0.0,0.0,0,0.0,0.0,0.0,0.0,0.0,0.0,0.0,0.0,0.0,0.0,0.0,0.0,0.0,0.0,0.0,0.0,0.0,0.0,0.0,0.0,0.0,0.0,0.0,0.0,0.0,0.0,0.0,0.0,0.0,0.0,0.0,460,Jiménez,Raúl,Jiménez,Raúl Jiménez,Wolves,wolverhamptonwanderers,76.17,0.0,0.0,0,0.0,0.0
18,2020-21,5,RaÃºl_JimÃ©nez_460,4,20,0.7616931200027466,0.8569301962852478,1.0,86,0.0,0,transfer_dream,0.0,0.0,0.0,0.0,0.0,0.0,0.0,0.0,0.0,0.0,0.0,0.0,0.0,0.0,0.0,0.0,0.0,0.0,0.0,0.0,0.0,0,0.0,0.0,0.0,0.0,0.0,0.0,0.0,0,0.0,0.0,0.0,0.0,0.0,0.0,0.0,0.0,0.0,0.0,0.0,0.0,0.0,0.0,0.0,0.0,0.0,0.0,0.0,0.0,0.0,0.0,0.0,0.0,0.0,0.0,0.0,0.0,0.0,0.0,0.0,460,Jiménez,Raúl,Jiménez,Raúl Jiménez,Wolves,wolverhamptonwanderers,76.17,0.0,1.0,0,0.0,0.0
19,2020-21,5,Wilfried_Zaha_141,3,6,0.6563205718994141,0.7383825778961182,1.0,72,0.0,1,model_budget,0.0,0.0,0.0,0.0,0.0,0.0,0.0,0.0,0.0,0.0,0.0,0.0,0.0,0.0,0.0,0.0,0.0,0.0,0.0,0.0,0.0,0,0.0,0.0,0.0,0.0,0.0,0.0,0.0,0,0.0,0.0,0.0,0.0,0.0,0.0,0.0,0.0,0.0,0.0,0.0,0.0,0.0,0.0,0.0,0.0,0.0,0.0,0.0,0.0,0.0,0.0,0.0,0.0,0.0,0.0,0.0,0.0,0.0,0.0,0.0,141,Zaha,Wilfried,Zaha,Wilfried Zaha,Crystal Palace,crystalpalace,65.63,0.0,0.0,0,0.0,0.0
20,2020-21,5,Aleksandar_MitroviÄ_184,4,8,0.6551512479782104,0.7370670437812805,1.0,60,0.0,1,model_budget,0.0,0.0,0.0,0.0,0.0,0.0,0.0,0.0,0.0,0.0,0.0,0.0,0.0,0.0,0.0,0.0,0.0,0.0,0.0,0.0,0.0,0,0.0,0.0,0.0,0.0,0.0,0.0,0.0,0,0.0,0.0,0.0,0.0,0.0,0.0,0.0,0.0,0.0,0.0,0.0,0.0,0.0,0.0,0.0,0.0,0.0,0.0,0.0,0.0,0.0,0.0,0.0,0.0,0.0,0.0,0.0,0.0,0.0,0.0,0.0,184,Mitrović,Aleksandar,Mitrović,Aleksandar Mitrović,Fulham,fulham,65.52,0.0,0.0,0,0.0,0.0
21,2020-21,5,Patrick_Bamford_202,4,10,0.6517040729522705,0.7331888675689697,1.0,58,0.0,1,model_budget,0.0,0.0,0.0,0.0,0.0,0.0,0.0,0.0,0.0,0.0,0.0,0.0,0.0,0.0,0.0,0.0,0.0,0.0,0.0,0.0,0.0,0,0.0,0.0,0.0,0.0,0.0,0.0,0.0,0,0.0,0.0,0.0,0.0,0.0,0.0,0.0,0.0,0.0,0.0,0.0,0.0,0.0,0.0,0.0,0.0,0.0,0.0,0.0,0.0,0.0,0.0,0.0,0.0,0.0,0.0,0.0,0.0,0.0,0.0,0.0,202,Bamford,Patrick,Bamford,Patrick Bamford,Leeds,leeds,65.17,0.0,0.0,0,0.0,0.0
22,2020-21,5,George_Baldock_351,2,15,0.5810702695030159,1.0,1.0,54,0.0,1,model_budget,0.0,0.0,0.0,0.0,0.0,0.0,0.0,0.0,0.0,0.0,0.0,0.0,0.0,0.0,0.0,0.0,0.0,0.0,0.0,0.0,0.0,0,0.0,0.0,0.0,0.0,0.0,0.0,0.0,0,0.0,0.0,0.0,0.0,0.0,0.0,0.0,0.0,0.0,0.0,0.0,0.0,0.0,0.0,0.0,0.0,0.0,0.0,0.0,0.0,0.0,0.0,0.0,0.0,0.0,0.0,0.0,0.0,0.0,0.0,0.0,351,Baldock,George,Baldock,George Baldock,Sheffield Utd,sheffieldunited,58.11,0.0,0.0,0,0.0,0.0
23,2020-21,5,George_Baldock_351,2,15,0.5810702695030159,1.0,1.0,54,0.0,1,model_dream,0.0,0.0,0.0,0.0,0.0,0.0,0.0,0.0,0.0,0.0,0.0,0.0,0.0,0.0,0.0,0.0,0.0,0.0,0.0,0.0,0.0,0,0.0,0.0,0.0,0.0,0.0,0.0,0.0,0,0.0,0.0,0.0,0.0,0.0,0.0,0.0,0.0,0.0,0.0,0.0,0.0,0.0,0.0,0.0,0.0,0.0,0.0,0.0,0.0,0.0,0.0,0.0,0.0,0.0,0.0,0.0,0.0,0.0,0.0,0.0,351,Baldock,George,Baldock,George Baldock,Sheffield Utd,sheffieldunited,58.11,0.0,0.0,0,0.0,0.0
24,2020-21,5,George_Baldock_351,2,15,0.5810702695030159,1.0,1.0,54,0.0,1,transfer_dream,0.0,0.0,0.0,0.0,0.0,0.0,0.0,0.0,0.0,0.0,0.0,0.0,0.0,0.0,0.0,0.0,0.0,0.0,0.0,0.0,0.0,0,0.0,0.0,0.0,0.0,0.0,0.0,0.0,0,0.0,0.0,0.0,0.0,0.0,0.0,0.0,0.0,0.0,0.0,0.0,0.0,0.0,0.0,0.0,0.0,0.0,0.0,0.0,0.0,0.0,0.0,0.0,0.0,0.0,0.0,0.0,0.0,0.0,0.0,0.0,351,Baldock,George,Baldock,George Baldock,Sheffield Utd,sheffieldunited,58.11,0.0,0.0,0,0.0,0.0
25,2020-21,5,Lucas_Digne_155,2,7,0.5626371700691563,0.9682773316734562,1.0,61,0.0,1,transfer_dream,0.0,0.0,0.0,0.0,0.0,0.0,0.0,0.0,0.0,0.0,0.0,0.0,0.0,0.0,0.0,0.0,0.0,0.0,0.0,0.0,0.0,0,0.0,0.0,0.0,0.0,0.0,0.0,0.0,0,0.0,0.0,0.0,0.0,0.0,0.0,0.0,0.0,0.0,0.0,0.0,0.0,0.0,0.0,0.0,0.0,0.0,0.0,0.0,0.0,0.0,0.0,0.0,0.0,0.0,0.0,0.0,0.0,0.0,0.0,0.0,155,Digne,Lucas,Digne,Lucas Digne,Everton,everton,56.26,0.0,0.0,0,0.0,0.0
26,2020-21,5,Lucas_Digne_155,2,7,0.5626371700691563,0.9682773316734562,1.0,61,0.0,1,model_dream,0.0,0.0,0.0,0.0,0.0,0.0,0.0,0.0,0.0,0.0,0.0,0.0,0.0,0.0,0.0,0.0,0.0,0.0,0.0,0.0,0.0,0,0.0,0.0,0.0,0.0,0.0,0.0,0.0,0,0.0,0.0,0.0,0.0,0.0,0.0,0.0,0.0,0.0,0.0,0.0,0.0,0.0,0.0,0.0,0.0,0.0,0.0,0.0,0.0,0.0,0.0,0.0,0.0,0.0,0.0,0.0,0.0,0.0,0.0,0.0,155,Digne,Lucas,Digne,Lucas Digne,Everton,everton,56.26,0.0,0.0,0,0.0,0.0
27,2020-21,5,Lucas_Digne_155,2,7,0.5626371700691563,0.9682773316734562,1.0,61,0.0,1,model_budget,0.0,0.0,0.0,0.0,0.0,0.0,0.0,0.0,0.0,0.0,0.0,0.0,0.0,0.0,0.0,0.0,0.0,0.0,0.0,0.0,0.0,0,0.0,0.0,0.0,0.0,0.0,0.0,0.0,0,0.0,0.0,0.0,0.0,0.0,0.0,0.0,0.0,0.0,0.0,0.0,0.0,0.0,0.0,0.0,0.0,0.0,0.0,0.0,0.0,0.0,0.0,0.0,0.0,0.0,0.0,0.0,0.0,0.0,0.0,0.0,155,Digne,Lucas,Digne,Lucas Digne,Everton,everton,56.26,0.0,0.0,0,0.0,0.0
28,2020-21,5,Jorge Luiz_Frello Filho_105,3,5,0.550797164440155,0.6196652054786682,-1.0,51,0.0,1,model_budget,0.0,0.0,0.0,0.0,0.0,0.0,0.0,0.0,0.0,0.0,0.0,0.0,0.0,0.0,0.0,0.0,0.0,0.0,0.0,0.0,0.0,0,0.0,0.0,0.0,0.0,0.0,0.0,0.0,0,0.0,0.0,0.0,0.0,0.0,0.0,0.0,0.0,0.0,0.0,0.0,0.0,0.0,0.0,0.0,0.0,0.0,0.0,0.0,0.0,0.0,0.0,0.0,0.0,0.0,0.0,0.0,0.0,0.0,0.0,0.0,105,Jorginho,Jorge Luiz,Frello Filho,Jorge Luiz Frello Filho,Chelsea,chelsea,55.08,0.0,0.0,0,0.0,0.0
29,2020-21,5,Rui Pedro_dos Santos PatrÃ­cio_455,1,20,0.5449682695206362,0.9378698207821621,1.0,55,0.0,1,model_budget,0.0,0.0,0.0,0.0,0.0,0.0,0.0,0.0,0.0,0.0,0.0,0.0,0.0,0.0,0.0,0.0,0.0,0.0,0.0,0.0,0.0,0,0.0,0.0,0.0,0.0,0.0,0.0,0.0,0,0.0,0.0,0.0,0.0,0.0,0.0,0.0,0.0,0.0,0.0,0.0,0.0,0.0,0.0,0.0,0.0,0.0,0.0,0.0,0.0,0.0,0.0,0.0,0.0,0.0,0.0,0.0,0.0,0.0,0.0,0.0,455,Patrício,Rui Pedro,dos Santos Patrício,Rui Pedro dos Santos Patrício,Wolves,wolverhamptonwanderers,54.5,0.0,0.0,0,0.0,0.0
30,2020-21,5,Rui Pedro_dos Santos PatrÃ­cio_455,1,20,0.5449682695206362,0.9378698207821621,1.0,55,0.0,1,model_dream,0.0,0.0,0.0,0.0,0.0,0.0,0.0,0.0,0.0,0.0,0.0,0.0,0.0,0.0,0.0,0.0,0.0,0.0,0.0,0.0,0.0,0,0.0,0.0,0.0,0.0,0.0,0.0,0.0,0,0.0,0.0,0.0,0.0,0.0,0.0,0.0,0.0,0.0,0.0,0.0,0.0,0.0,0.0,0.0,0.0,0.0,0.0,0.0,0.0,0.0,0.0,0.0,0.0,0.0,0.0,0.0,0.0,0.0,0.0,0.0,455,Patrício,Rui Pedro,dos Santos Patrício,Rui Pedro dos Santos Patrício,Wolves,wolverhamptonwanderers,54.5,0.0,0.0,0,0.0,0.0
31,2020-21,5,Rui Pedro_dos Santos PatrÃ­cio_455,1,20,0.5449682695206362,0.9378698207821621,1.0,55,0.0,1,transfer_dream,0.0,0.0,0.0,0.0,0.0,0.0,0.0,0.0,0.0,0.0,0.0,0.0,0.0,0.0,0.0,0.0,0.0,0.0,0.0,0.0,0.0,0,0.0,0.0,0.0,0.0,0.0,0.0,0.0,0,0.0,0.0,0.0,0.0,0.0,0.0,0.0,0.0,0.0,0.0,0.0,0.0,0.0,0.0,0.0,0.0,0.0,0.0,0.0,0.0,0.0,0.0,0.0,0.0,0.0,0.0,0.0,0.0,0.0,0.0,0.0,455,Patrício,Rui Pedro,dos Santos Patrício,Rui Pedro dos Santos Patrício,Wolves,wolverhamptonwanderers,54.5,0.0,0.0,0,0.0,0.0
32,2020-21,5,Andrew_Robertson_255,2,11,0.5177322568287531,0.8909976710244784,1.0,70,0.0,1,transfer_dream,0.0,0.0,0.0,0.0,0.0,0.0,0.0,0.0,0.0,0.0,0.0,0.0,0.0,0.0,0.0,0.0,0.0,0.0,0.0,0.0,0.0,0,0.0,0.0,0.0,0.0,0.0,0.0,0.0,0,0.0,0.0,0.0,0.0,0.0,0.0,0.0,0.0,0.0,0.0,0.0,0.0,0.0,0.0,0.0,0.0,0.0,0.0,0.0,0.0,0.0,0.0,0.0,0.0,0.0,0.0,0.0,0.0,0.0,0.0,0.0,255,Robertson,Andrew,Robertson,Andrew Robertson,Liverpool,liverpool,51.77,0.0,0.0,0,0.0,0.0
33,2020-21,5,Andrew_Robertson_255,2,11,0.5177322568287531,0.8909976710244784,1.0,70,0.0,1,model_dream,0.0,0.0,0.0,0.0,0.0,0.0,0.0,0.0,0.0,0.0,0.0,0.0,0.0,0.0,0.0,0.0,0.0,0.0,0.0,0.0,0.0,0,0.0,0.0,0.0,0.0,0.0,0.0,0.0,0,0.0,0.0,0.0,0.0,0.0,0.0,0.0,0.0,0.0,0.0,0.0,0.0,0.0,0.0,0.0,0.0,0.0,0.0,0.0,0.0,0.0,0.0,0.0,0.0,0.0,0.0,0.0,0.0,0.0,0.0,0.0,255,Robertson,Andrew,Robertson,Andrew Robertson,Liverpool,liverpool,51.77,0.0,0.0,0,0.0,0.0
34,2020-21,5,Andrew_Robertson_255,2,11,0.5177322568287531,0.8909976710244784,1.0,70,0.0,1,model_budget,0.0,0.0,0.0,0.0,0.0,0.0,0.0,0.0,0.0,0.0,0.0,0.0,0.0,0.0,0.0,0.0,0.0,0.0,0.0,0.0,0.0,0,0.0,0.0,0.0,0.0,0.0,0.0,0.0,0,0.0,0.0,0.0,0.0,0.0,0.0,0.0,0.0,0.0,0.0,0.0,0.0,0.0,0.0,0.0,0.0,0.0,0.0,0.0,0.0,0.0,0.0,0.0,0.0,0.0,0.0,0.0,0.0,0.0,0.0,0.0,255,Robertson,Andrew,Robertson,Andrew Robertson,Liverpool,liverpool,51.77,0.0,0.0,0,0.0,0.0
35,2020-21,5,Enda_Stevens_347,2,15,0.4882792619851272,0.8403101786686626,0.0,54,0.0,0,model_dream,0.0,0.0,0.0,0.0,0.0,0.0,0.0,0.0,0.0,0.0,0.0,0.0,0.0,0.0,0.0,0.0,0.0,0.0,0.0,0.0,0.0,0,0.0,0.0,0.0,0.0,0.0,0.0,0.0,0,0.0,0.0,0.0,0.0,0.0,0.0,0.0,0.0,0.0,0.0,0.0,0.0,0.0,0.0,0.0,0.0,0.0,0.0,0.0,0.0,0.0,0.0,0.0,0.0,0.0,0.0,0.0,0.0,0.0,0.0,0.0,347,Stevens,Enda,Stevens,Enda Stevens,Sheffield Utd,sheffieldunited,48.83,0.0,2.0,0,0.0,0.0
36,2020-21,5,Enda_Stevens_347,2,15,0.4882792619851272,0.8403101786686626,0.0,54,0.0,0,transfer_dream,0.0,0.0,0.0,0.0,0.0,0.0,0.0,0.0,0.0,0.0,0.0,0.0,0.0,0.0,0.0,0.0,0.0,0.0,0.0,0.0,0.0,0,0.0,0.0,0.0,0.0,0.0,0.0,0.0,0,0.0,0.0,0.0,0.0,0.0,0.0,0.0,0.0,0.0,0.0,0.0,0.0,0.0,0.0,0.0,0.0,0.0,0.0,0.0,0.0,0.0,0.0,0.0,0.0,0.0,0.0,0.0,0.0,0.0,0.0,0.0,347,Stevens,Enda,Stevens,Enda Stevens,Sheffield Utd,sheffieldunited,48.83,0.0,2.0,0,0.0,0.0
37,2020-21,5,Leander_Dendoncker_464,3,20,0.4773236811161041,0.5370050668716431,-1.0,49,0.0,0,model_budget,0.0,0.0,0.0,0.0,0.0,0.0,0.0,0.0,0.0,0.0,0.0,0.0,0.0,0.0,0.0,0.0,0.0,0.0,0.0,0.0,0.0,0,0.0,0.0,0.0,0.0,0.0,0.0,0.0,0,0.0,0.0,0.0,0.0,0.0,0.0,0.0,0.0,0.0,0.0,0.0,0.0,0.0,0.0,0.0,0.0,0.0,0.0,0.0,0.0,0.0,0.0,0.0,0.0,0.0,0.0,0.0,0.0,0.0,0.0,0.0,464,Dendoncker,Leander,Dendoncker,Leander Dendoncker,Wolves,wolverhamptonwanderers,47.73,0.0,1.0,0,0.0,0.0
38,2020-21,5,Kasper_Schmeichel_217,1,9,0.4666931737586206,0.8031613356466836,0.0,55,0.0,0,model_dream,0.0,0.0,0.0,0.0,0.0,0.0,0.0,0.0,0.0,0.0,0.0,0.0,0.0,0.0,0.0,0.0,0.0,0.0,0.0,0.0,0.0,0,0.0,0.0,0.0,0.0,0.0,0.0,0.0,0,0.0,0.0,0.0,0.0,0.0,0.0,0.0,0.0,0.0,0.0,0.0,0.0,0.0,0.0,0.0,0.0,0.0,0.0,0.0,0.0,0.0,0.0,0.0,0.0,0.0,0.0,0.0,0.0,0.0,0.0,0.0,217,Schmeichel,Kasper,Schmeichel,Kasper Schmeichel,Leicester,leicestercity,46.67,0.0,0.0,0,0.0,0.0
39,2020-21,5,Kasper_Schmeichel_217,1,9,0.4666931737586206,0.8031613356466836,0.0,55,0.0,0,transfer_dream,0.0,0.0,0.0,0.0,0.0,0.0,0.0,0.0,0.0,0.0,0.0,0.0,0.0,0.0,0.0,0.0,0.0,0.0,0.0,0.0,0.0,0,0.0,0.0,0.0,0.0,0.0,0.0,0.0,0,0.0,0.0,0.0,0.0,0.0,0.0,0.0,0.0,0.0,0.0,0.0,0.0,0.0,0.0,0.0,0.0,0.0,0.0,0.0,0.0,0.0,0.0,0.0,0.0,0.0,0.0,0.0,0.0,0.0,0.0,0.0,217,Schmeichel,Kasper,Schmeichel,Kasper Schmeichel,Leicester,leicestercity,46.67,0.0,0.0,0,0.0,0.0
40,2020-21,5,Yerry_Mina_162,2,7,0.4403371381036189,0.7578035931527443,0.0,55,0.0,0,transfer_dream,0.0,0.0,0.0,0.0,0.0,0.0,0.0,0.0,0.0,0.0,0.0,0.0,0.0,0.0,0.0,0.0,0.0,0.0,0.0,0.0,0.0,0,0.0,0.0,0.0,0.0,0.0,0.0,0.0,0,0.0,0.0,0.0,0.0,0.0,0.0,0.0,0.0,0.0,0.0,0.0,0.0,0.0,0.0,0.0,0.0,0.0,0.0,0.0,0.0,0.0,0.0,0.0,0.0,0.0,0.0,0.0,0.0,0.0,0.0,0.0,162,Mina,Yerry,Mina,Yerry Mina,Everton,everton,44.03,0.0,3.0,0,0.0,0.0
41,2020-21,5,Yerry_Mina_162,2,7,0.4403371381036189,0.7578035931527443,0.0,55,0.0,0,model_dream,0.0,0.0,0.0,0.0,0.0,0.0,0.0,0.0,0.0,0.0,0.0,0.0,0.0,0.0,0.0,0.0,0.0,0.0,0.0,0.0,0.0,0,0.0,0.0,0.0,0.0,0.0,0.0,0.0,0,0.0,0.0,0.0,0.0,0.0,0.0,0.0,0.0,0.0,0.0,0.0,0.0,0.0,0.0,0.0,0.0,0.0,0.0,0.0,0.0,0.0,0.0,0.0,0.0,0.0,0.0,0.0,0.0,0.0,0.0,0.0,162,Mina,Yerry,Mina,Yerry Mina,Everton,everton,44.03,0.0,3.0,0,0.0,0.0
42,2020-21,5,Conor_Coady_459,2,20,0.31566496974124936,0.5432474974347504,0.0,50,0.0,0,model_budget,0.0,0.0,0.0,0.0,0.0,0.0,0.0,0.0,0.0,0.0,0.0,0.0,0.0,0.0,0.0,0.0,0.0,0.0,0.0,0.0,0.0,0,0.0,0.0,0.0,0.0,0.0,0.0,0.0,0,0.0,0.0,0.0,0.0,0.0,0.0,0.0,0.0,0.0,0.0,0.0,0.0,0.0,0.0,0.0,0.0,0.0,0.0,0.0,0.0,0.0,0.0,0.0,0.0,0.0,0.0,0.0,0.0,0.0,0.0,0.0,459,Coady,Conor,Coady,Conor Coady,Wolves,wolverhamptonwanderers,31.57,0.0,2.0,0,0.0,0.0
43,2020-21,5,Alphonse_Areola_516,1,8,0.2710970525266984,0.46654779422558523,0.0,45,0.0,56,model_budget,0.0,0.0,0.0,0.0,0.0,0.0,0.0,0.0,0.0,0.0,0.0,0.0,0.0,0.0,0.0,0.0,0.0,0.0,0.0,0.0,0.0,0,0.0,0.0,0.0,0.0,0.0,0.0,0.0,0,0.0,0.0,0.0,0.0,0.0,0.0,0.0,0.0,0.0,0.0,0.0,0.0,0.0,0.0,0.0,0.0,0.0,0.0,0.0,0.0,0.0,0.0,0.0,0.0,0.0,0.0,0.0,0.0,0.0,0.0,0.0,516,Areola,Alphonse,Areola,Alphonse Areola,Fulham,fulham,27.11,0.0,0.0,0,0.0,0.0
44,2020-21,5,Tyrick_Mitchell_146,2,6,0.1094957114923455,0.18843798631445416,0.0,41,0.0,0,model_budget,0.0,0.0,0.0,0.0,0.0,0.0,0.0,0.0,0.0,0.0,0.0,0.0,0.0,0.0,0.0,0.0,0.0,0.0,0.0,0.0,0.0,0,0.0,0.0,0.0,0.0,0.0,0.0,0.0,0,0.0,0.0,0.0,0.0,0.0,0.0,0.0,0.0,0.0,0.0,0.0,0.0,0.0,0.0,0.0,0.0,0.0,0.0,0.0,0.0,0.0,0.0,0.0,0.0,0.0,0.0,0.0,0.0,0.0,0.0,0.0,146,Mitchell,Tyrick,Mitchell,Tyrick Mitchell,Crystal Palace,crystalpalace,10.95,0.0,3.0,0,0.0,0.0
45,2020-21,5,Pierre-Emerick_Aubameyang_4,3,1,0.0,0.0,0.0,119,0.0,1,selection_dream,1.0,0.0,0.0,10.0,0.0,4.6,1.0,0.0,4.4,9.4,15.0,0.0,0.0,0.0,0.0,0.0,2000213.0,1.0,2.0,30.0,2.0,True,0.0,3.0,1.3333333333333333,1.25,2.0,2.333333333333333,2.0,False,106551.0,226718.0,0.0,2.0,5.0,0.9,3.0,1.5,0.0,6.0,0.0,0.0,5.0,0.0,1.3333333333333333,0.6666666666666666,0.6666666666666666,1.6666666666666667,1.0,2.0,0.0,1.5,1.0,0.5,1.0,0.75,2.333333333333333,1.3333333333333333,0.6666666666666666,0.0,0.0,4,Aubameyang,Pierre-Emerick,Aubameyang,Pierre-Emerick Aubameyang,Arsenal,arsenal,0.0,0.0,0.0,0,90.0,0.0
46,2020-21,5,Bernd_Leno_8,1,1,0.0,0.0,0.0,50,0.0,1,selection_dream,0.0,0.0,0.0,12.0,0.0,0.0,1.0,0.0,1.1,11.2,15.0,0.0,0.0,0.0,0.0,1.0,675971.0,1.0,2.0,0.0,2.0,True,0.0,3.0,1.3333333333333333,1.25,2.0,2.333333333333333,2.0,False,67684.0,35351.0,0.0,3.0,22.0,3.6,3.0,1.5,0.0,6.0,0.0,1.0,5.0,0.0,1.3333333333333333,0.6666666666666666,0.6666666666666666,1.6666666666666667,1.0,2.0,0.0,1.5,1.0,0.5,1.0,0.75,2.333333333333333,1.3333333333333333,0.6666666666666666,0.0,0.0,8,Leno,Bernd,Leno,Bernd Leno,Arsenal,arsenal,0.0,0.0,0.0,0,90.0,0.0
47,2020-21,5,David_Luiz Moreira Marinho_3,2,1,0.0,0.0,0.0,55,0.0,1,selection_dream,0.0,0.0,0.0,13.0,0.0,0.8,1.0,0.0,2.4,23.0,15.0,0.0,0.0,0.0,0.0,0.0,69592.0,1.0,2.0,0.0,2.0,True,0.0,3.0,1.3333333333333333,1.25,2.0,2.333333333333333,2.0,False,6180.0,4916.0,0.0,1.0,11.0,2.3,3.0,1.5,0.0,6.0,0.0,0.0,5.0,0.0,1.3333333333333333,0.6666666666666666,0.6666666666666666,1.6666666666666667,1.0,2.0,0.0,1.5,1.0,0.5,1.0,0.75,2.333333333333333,1.3333333333333333,0.6666666666666666,0.0,0.0,3,David Luiz,David,Luiz Moreira Marinho,David Luiz Moreira Marinho,Arsenal,arsenal,0.0,0.0,0.0,0,90.0,0.0
48,2020-21,5,HÃ©ctor_BellerÃ­n_11,2,1,0.0,0.0,0.0,50,0.0,1,selection_dream,0.0,2.0,3.0,36.0,0.0,26.0,1.0,0.0,7.5,44.8,15.0,0.0,0.0,0.0,0.0,0.0,326848.0,1.0,2.0,4.0,11.0,True,0.0,3.0,1.3333333333333333,1.25,2.0,2.333333333333333,2.0,False,23203.0,33099.0,0.0,0.0,12.0,1.9,3.0,1.5,0.0,6.0,0.0,0.0,5.0,0.0,1.3333333333333333,0.6666666666666666,0.6666666666666666,1.6666666666666667,1.0,2.0,0.0,1.5,1.0,0.5,1.0,0.75,2.333333333333333,1.3333333333333333,0.6666666666666666,0.0,0.0,11,Bellerín,Héctor,Bellerín,Héctor Bellerín,Arsenal,arsenal,0.0,0.0,0.0,0,90.0,0.0
49,2020-21,5,Kieran_Tierney_17,2,1,0.0,0.0,0.0,54,0.0,1,selection_dream,0.0,0.0,0.0,14.0,0.0,21.3,1.0,0.0,3.7,15.6,15.0,0.0,0.0,0.0,0.0,0.0,493590.0,1.0,2.0,0.0,2.0,True,0.0,3.0,1.3333333333333333,1.25,2.0,2.333333333333333,2.0,False,10701.0,57166.0,0.0,1.0,16.0,2.9,3.0,1.5,0.0,6.0,0.0,0.0,5.0,0.0,1.3333333333333333,0.6666666666666666,0.6666666666666666,1.6666666666666667,1.0,2.0,0.0,1.5,1.0,0.5,1.0,0.75,2.333333333333333,1.3333333333333333,0.6666666666666666,0.0,0.0,17,Tierney,Kieran,Tierney,Kieran Tierney,Arsenal,arsenal,0.0,0.0,0.0,0,90.0,0.0
50,2020-21,5,Willian_Borges Da Silva_478,3,1,0.0,0.0,0.0,80,0.0,1,selection_dream,0.0,0.0,0.0,12.0,0.0,8.3,1.0,0.0,1.5,6.4,15.0,0.0,0.0,0.0,0.0,0.0,902846.0,1.0,2.0,0.0,2.0,True,0.0,3.0,1.3333333333333333,1.25,2.0,2.333333333333333,2.0,False,133795.0,136540.0,0.0,2.0,6.0,1.5,3.0,1.5,0.0,6.0,0.0,0.0,5.0,0.0,1.3333333333333333,0.6666666666666666,0.6666666666666666,1.6666666666666667,1.0,2.0,0.0,1.5,1.0,0.5,1.0,0.75,2.333333333333333,1.3333333333333333,0.6666666666666666,0.0,0.0,478,Willian,Willian,Borges Da Silva,Willian Borges Da Silva,Arsenal,arsenal,0.0,1.0,0.0,0,90.0,0.0
51,2020-21,5,Daniel_Ceballos FernÃ¡ndez_501,3,1,0.0,0.0,0.0,50,0.0,1,selection_dream,0.0,0.0,0.0,20.0,1.0,27.9,0.0,0.0,4.4,15.6,15.0,0.0,0.0,0.0,0.0,0.0,160888.0,1.0,2.0,0.0,3.0,True,0.0,3.0,1.3333333333333333,1.25,2.0,2.333333333333333,2.0,False,28964.0,23244.0,0.0,0.0,6.0,2.0,3.0,1.5,0.0,6.0,0.0,0.0,5.0,0.0,1.3333333333333333,0.6666666666666666,0.6666666666666666,1.6666666666666667,1.0,2.0,0.0,1.5,1.0,0.5,1.0,0.75,2.333333333333333,1.3333333333333333,0.6666666666666666,0.0,0.0,501,Ceballos,Daniel,Ceballos Fernández,Daniel Ceballos Fernández,Arsenal,arsenal,0.0,0.0,0.0,0,80.0,0.0
52,2020-21,5,Mohamed Naser_El Sayed Elneny_526,3,1,0.0,0.0,0.0,45,0.0,1,selection_dream,0.0,0.0,0.0,19.0,0.0,15.3,1.0,0.0,4.1,24.0,15.0,0.0,0.0,0.0,0.0,0.0,115620.0,1.0,2.0,2.0,2.0,True,0.0,3.0,1.3333333333333333,1.25,2.0,2.333333333333333,2.0,False,16308.0,16111.0,0.0,2.0,17.0,1.1,3.0,1.5,0.0,6.0,0.0,0.0,5.0,0.0,1.3333333333333333,0.6666666666666666,0.6666666666666666,1.6666666666666667,1.0,2.0,0.0,1.5,1.0,0.5,1.0,0.75,2.333333333333333,1.3333333333333333,0.6666666666666666,0.0,0.0,526,Elneny,Mohamed Naser,El Sayed Elneny,Mohamed Naser El Sayed Elneny,Arsenal,arsenal,0.0,0.0,0.0,0,90.0,0.0
53,2020-21,5,Emiliano_MartÃ­nez_12,1,2,0.0,0.0,0.0,46,0.0,0,selection_dream,0.0,0.0,0.0,22.0,0.0,0.0,2.0,0.0,4.2,42.0,11.0,0.0,0.0,0.0,0.0,6.0,970195.0,2.0,7.0,0.0,3.0,True,0.0,3.0,1.3333333333333333,2.333333333333333,3.333333333333333,1.75,3.0,False,202024.0,47222.0,0.0,6.0,26.0,1.9,1.5,3.5,0.0,6.0,0.0,0.0,5.0,0.0,2.0,1.0,0.5,1.25,1.5,0.0,2.0,1.5,2.333333333333333,1.3333333333333333,1.0,1.0,2.333333333333333,1.3333333333333333,0.6666666666666666,0.0,0.0,12,Martínez,Emiliano,Martínez,Emiliano Martínez,Aston Villa,astonvilla,0.0,0.0,0.0,0,90.0,0.0
54,2020-21,5,Tyrone_Mings_41,2,2,0.0,0.0,0.0,50,0.0,0,selection_dream,0.0,0.0,0.0,16.0,0.0,0.3,2.0,0.0,2.7,24.2,11.0,0.0,0.0,0.0,0.0,0.0,268558.0,2.0,7.0,2.0,1.0,True,0.0,3.0,1.3333333333333333,2.333333333333333,3.333333333333333,1.75,3.0,False,104350.0,19044.0,0.0,12.0,31.0,9.6,1.5,3.5,1.0,6.0,0.0,1.0,5.0,0.0,2.0,1.0,0.5,1.25,1.5,0.0,2.0,1.5,2.333333333333333,1.3333333333333333,1.0,1.0,2.333333333333333,1.3333333333333333,0.6666666666666666,0.0,0.0,41,Mings,Tyrone,Mings,Tyrone Mings,Aston Villa,astonvilla,0.0,0.0,2.0,0,90.0,0.0
55,2020-21,5,Matt_Targett_42,2,2,0.0,0.0,0.0,45,0.0,0,selection_dream,0.0,0.0,0.0,11.0,0.0,0.6,2.0,0.0,1.4,13.0,11.0,0.0,0.0,0.0,0.0,0.0,65893.0,2.0,7.0,0.0,1.0,True,0.0,3.0,1.3333333333333333,2.333333333333333,3.333333333333333,1.75,3.0,False,5551.0,6432.0,0.0,5.0,24.0,1.1,1.5,3.5,0.0,6.0,0.0,0.0,5.0,0.0,2.0,1.0,0.5,1.25,1.5,0.0,2.0,1.5,2.333333333333333,1.3333333333333333,1.0,1.0,2.333333333333333,1.3333333333333333,0.6666666666666666,0.0,0.0,42,Targett,Matt,Targett,Matt Targett,Aston Villa,astonvilla,0.0,0.0,2.0,0,90.0,0.0
56,2020-21,5,Jack_Grealish_37,3,2,0.0,0.0,0.0,70,0.0,1,selection_dream,0.0,3.0,3.0,90.0,0.0,54.7,2.0,2.0,24.6,131.4,11.0,0.0,0.0,0.0,0.0,0.0,665271.0,2.0,7.0,60.0,24.0,True,0.0,3.0,1.3333333333333333,2.333333333333333,3.333333333333333,1.75,3.0,False,49799.0,58263.0,0.0,8.0,29.0,13.1,1.5,3.5,1.0,6.0,0.0,0.0,5.0,0.0,2.0,1.0,0.5,1.25,1.5,0.0,2.0,1.5,2.333333333333333,1.3333333333333333,1.0,1.0,2.333333333333333,1.3333333333333333,0.6666666666666666,0.0,0.0,37,Grealish,Jack,Grealish,Jack Grealish,Aston Villa,astonvilla,0.0,0.0,0.0,0,90.0,0.0
57,2020-21,5,Ollie_Watkins_514,4,2,0.0,0.0,0.0,60,0.0,1,selection_dream,0.0,1.0,2.0,77.0,0.0,25.7,2.0,3.0,24.3,124.8,11.0,0.0,0.0,0.0,0.0,0.0,88058.0,2.0,7.0,92.0,19.0,True,0.0,3.0,1.3333333333333333,2.333333333333333,3.333333333333333,1.75,3.0,False,5557.0,26952.0,0.0,2.0,3.0,2.9,1.5,3.5,0.0,6.0,0.0,0.0,5.0,0.0,2.0,1.0,0.5,1.25,1.5,0.0,2.0,1.5,2.333333333333333,1.3333333333333333,1.0,1.0,2.333333333333333,1.3333333333333333,0.6666666666666666,0.0,0.0,514,Watkins,Ollie,Watkins,Ollie Watkins,Aston Villa,astonvilla,0.0,0.0,0.0,0,90.0,0.0
58,2020-21,5,Neal_Maupay_68,4,3,0.0,0.0,0.0,65,0.0,1,selection_dream,0.0,0.0,0.0,26.0,0.0,5.8,4.0,1.0,11.9,40.0,7.0,0.0,0.0,0.0,0.0,0.0,281184.0,2.0,4.0,73.0,6.0,False,0.0,2.6666666666666665,1.0,2.5,2.0,1.75,1.25,False,141065.0,41323.0,0.0,8.0,33.0,14.1,1.0,3.0,1.0,5.0,0.0,2.0,6.0,0.0,0.75,0.5,1.25,0.5,0.0,1.0,0.0,3.0,0.75,1.5,1.25,1.0,1.6666666666666667,0.6666666666666666,1.0,0.3333333333333333,0.0,68,Maupay,Neal,Maupay,Neal Maupay,Brighton,brighton&hovealbion,0.0,0.0,0.0,0,90.0,0.0
59,2020-21,5,Aaron_Connolly_78,4,3,0.0,0.0,0.0,55,0.0,0,selection_dream,0.0,0.0,0.0,7.0,0.0,0.3,3.0,0.0,0.7,3.0,7.0,0.0,0.0,0.0,0.0,0.0,55125.0,2.0,4.0,4.0,2.0,False,0.0,2.6666666666666665,1.0,2.5,2.0,1.75,1.25,False,10399.0,11710.0,0.0,2.0,2.0,1.9,1.0,3.0,0.0,5.0,0.0,0.0,6.0,0.0,0.75,0.5,1.25,0.5,0.0,1.0,0.0,3.0,0.75,1.5,1.25,1.0,1.6666666666666667,0.6666666666666666,1.0,0.3333333333333333,0.0,78,Connolly,Aaron,Connolly,Aaron Connolly,Brighton,brighton&hovealbion,0.0,0.0,2.0,0,65.0,0.0
